Date,BBB
1/1/1997,0.83
1/2/1997,0.83
1/3/1997,0.83
1/6/1997,0.85
1/7/1997,0.84
1/8/1997,0.83
1/9/1997,0.85
1/10/1997,0.95
1/13/1997,0.83
1/14/1997,0.83
1/15/1997,0.83
1/16/1997,0.82
1/17/1997,0.82
1/20/1997,0.82
1/21/1997,0.83
1/22/1997,0.82
1/23/1997,0.82
1/24/1997,0.82
1/27/1997,0.82
1/28/1997,0.82
1/29/1997,0.82
1/30/1997,0.82
1/31/1997,0.82
2/3/1997,0.82
2/4/1997,0.82
2/5/1997,0.82
2/6/1997,0.82
2/7/1997,0.82
2/10/1997,0.81
2/11/1997,0.81
2/12/1997,0.82
2/13/1997,0.81
2/14/1997,0.81
2/17/1997,0.81
2/18/1997,0.81
2/19/1997,0.81
2/20/1997,0.81
2/21/1997,0.81
2/24/1997,0.8
2/25/1997,0.8
2/26/1997,0.8
2/27/1997,0.79
2/28/1997,0.79
3/3/1997,0.77
3/4/1997,0.77
3/5/1997,0.76
3/6/1997,0.77
3/7/1997,0.77
3/10/1997,0.76
3/11/1997,0.76
3/12/1997,0.77
3/13/1997,0.77
3/14/1997,0.77
3/17/1997,0.77
3/18/1997,0.77
3/19/1997,0.76
3/20/1997,0.76
3/21/1997,0.76
3/24/1997,0.76
3/25/1997,0.76
3/26/1997,0.76
3/27/1997,0.75
3/28/1997,0.755
3/31/1997,0.76
4/1/1997,0.77
4/2/1997,0.77
4/3/1997,0.77
4/4/1997,0.77
4/7/1997,0.78
4/8/1997,0.78
4/9/1997,0.78
4/10/1997,0.78
4/11/1997,0.77
4/14/1997,0.78
4/15/1997,0.78
4/16/1997,0.77
4/17/1997,0.77
4/18/1997,0.77
4/21/1997,0.77
4/22/1997,0.79
4/23/1997,0.79
4/24/1997,0.79
4/25/1997,0.79
4/28/1997,0.79
4/29/1997,0.79
4/30/1997,0.79
5/1/1997,0.79
5/2/1997,0.79
5/5/1997,0.79
5/6/1997,0.79
5/7/1997,0.78
5/8/1997,0.78
5/9/1997,0.78
5/12/1997,0.78
5/13/1997,0.78
5/14/1997,0.76
5/15/1997,0.78
5/16/1997,0.77
5/19/1997,0.78
5/20/1997,0.78
5/21/1997,0.78
5/22/1997,0.77
5/23/1997,0.78
5/26/1997,0.775
5/27/1997,0.77
5/28/1997,0.77
5/29/1997,0.78
5/30/1997,0.79
5/31/1997,0.79
6/2/1997,0.78
6/3/1997,0.77
6/4/1997,0.77
6/5/1997,0.77
6/6/1997,0.78
6/9/1997,0.76
6/10/1997,0.76
6/11/1997,0.77
6/12/1997,0.76
6/13/1997,0.76
6/16/1997,0.76
6/17/1997,0.75
6/18/1997,0.75
6/19/1997,0.75
6/20/1997,0.75
6/23/1997,0.75
6/24/1997,0.75
6/25/1997,0.75
6/26/1997,0.75
6/27/1997,0.76
6/30/1997,0.76
7/1/1997,0.76
7/2/1997,0.76
7/3/1997,0.76
7/4/1997,0.76
7/7/1997,0.76
7/8/1997,0.75
7/9/1997,0.75
7/10/1997,0.75
7/11/1997,0.75
7/14/1997,0.74
7/15/1997,0.75
7/16/1997,0.75
7/17/1997,0.75
7/18/1997,0.74
7/21/1997,0.74
7/22/1997,0.75
7/23/1997,0.73
7/24/1997,0.74
7/25/1997,0.74
7/28/1997,0.74
7/29/1997,0.74
7/30/1997,0.73
7/31/1997,0.74
8/1/1997,0.74
8/4/1997,0.74
8/5/1997,0.74
8/6/1997,0.75
8/7/1997,0.73
8/8/1997,0.72
8/11/1997,0.72
8/12/1997,0.73
8/13/1997,0.73
8/14/1997,0.74
8/15/1997,0.73
8/18/1997,0.74
8/19/1997,0.74
8/20/1997,0.74
8/21/1997,0.73
8/22/1997,0.73
8/25/1997,0.74
8/26/1997,0.74
8/27/1997,0.74
8/28/1997,0.75
8/29/1997,0.74
8/31/1997,0.74
9/1/1997,0.745
9/2/1997,0.75
9/3/1997,0.75
9/4/1997,0.74
9/5/1997,0.75
9/8/1997,0.75
9/9/1997,0.75
9/10/1997,0.76
9/11/1997,0.75
9/12/1997,0.76
9/15/1997,0.75
9/16/1997,0.76
9/17/1997,0.75
9/18/1997,0.75
9/19/1997,0.75
9/22/1997,0.74
9/23/1997,0.75
9/24/1997,0.75
9/25/1997,0.74
9/26/1997,0.74
9/29/1997,0.74
9/30/1997,0.75
10/1/1997,0.75
10/2/1997,0.75
10/3/1997,0.74
10/6/1997,0.75
10/7/1997,0.75
10/8/1997,0.75
10/9/1997,0.74
10/10/1997,0.82
10/13/1997,0.82
10/14/1997,0.75
10/15/1997,0.75
10/16/1997,0.75
10/17/1997,0.75
10/20/1997,0.75
10/21/1997,0.75
10/22/1997,0.75
10/23/1997,0.74
10/24/1997,0.75
10/27/1997,0.79
10/28/1997,0.77
10/29/1997,0.77
10/30/1997,0.78
10/31/1997,0.84
11/3/1997,0.86
11/4/1997,0.85
11/5/1997,0.86
11/6/1997,0.88
11/7/1997,0.88
11/10/1997,0.88
11/11/1997,0.87
11/12/1997,0.88
11/13/1997,0.88
11/14/1997,0.88
11/17/1997,0.87
11/18/1997,0.87
11/19/1997,0.87
11/20/1997,0.88
11/21/1997,0.88
11/24/1997,0.88
11/25/1997,0.88
11/26/1997,0.89
11/27/1997,0.89
11/28/1997,0.89
11/30/1997,0.91
12/1/1997,0.91
12/2/1997,0.91
12/3/1997,0.9
12/4/1997,0.91
12/5/1997,0.91
12/8/1997,0.91
12/9/1997,0.91
12/10/1997,0.91
12/11/1997,0.91
12/12/1997,0.91
12/15/1997,0.9
12/16/1997,0.91
12/17/1997,0.9
12/18/1997,0.91
12/19/1997,0.89
12/22/1997,0.92
12/23/1997,0.92
12/24/1997,0.93
12/25/1997,0.92
12/26/1997,0.91
12/29/1997,0.92
12/30/1997,0.92
12/31/1997,0.93
1/1/1998,0.935
1/2/1998,0.94
1/5/1998,0.94
1/6/1998,0.94
1/7/1998,0.94
1/8/1998,0.93
1/9/1998,0.94
1/12/1998,0.95
1/13/1998,0.96
1/14/1998,0.95
1/15/1998,0.95
1/16/1998,0.95
1/19/1998,0.95
1/20/1998,0.96
1/21/1998,0.97
1/22/1998,0.97
1/23/1998,0.96
1/26/1998,0.97
1/27/1998,0.96
1/28/1998,0.98
1/29/1998,0.99
1/30/1998,1.03
1/31/1998,1.03
2/2/1998,1.02
2/3/1998,1.02
2/4/1998,1.02
2/5/1998,1.02
2/6/1998,1.02
2/9/1998,1.02
2/10/1998,1.02
2/11/1998,1.03
2/12/1998,1.01
2/13/1998,1.01
2/16/1998,1.01
2/17/1998,0.97
2/18/1998,1.01
2/19/1998,1.01
2/20/1998,1.01
2/23/1998,1.01
2/24/1998,1.01
2/25/1998,1.01
2/26/1998,1.01
2/27/1998,1.01
2/28/1998,1.01
3/2/1998,0.98
3/3/1998,0.98
3/4/1998,0.99
3/5/1998,0.99
3/6/1998,0.98
3/9/1998,0.98
3/10/1998,0.98
3/11/1998,0.99
3/12/1998,0.99
3/13/1998,0.98
3/16/1998,0.99
3/17/1998,0.98
3/18/1998,0.98
3/19/1998,0.99
3/20/1998,0.98
3/23/1998,0.98
3/24/1998,0.97
3/25/1998,0.98
3/26/1998,0.99
3/27/1998,0.98
3/30/1998,0.98
3/31/1998,0.98
4/1/1998,0.98
4/2/1998,0.98
4/3/1998,0.98
4/6/1998,0.98
4/7/1998,0.98
4/8/1998,0.98
4/9/1998,0.99
4/10/1998,0.985
4/13/1998,0.98
4/14/1998,0.99
4/15/1998,0.98
4/16/1998,0.98
4/17/1998,0.98
4/20/1998,0.98
4/21/1998,0.98
4/22/1998,0.98
4/23/1998,0.98
4/24/1998,0.98
4/27/1998,0.97
4/28/1998,0.98
4/29/1998,0.98
4/30/1998,0.98
5/1/1998,0.97
5/4/1998,0.97
5/5/1998,0.98
5/6/1998,0.97
5/7/1998,0.98
5/8/1998,0.98
5/11/1998,0.97
5/12/1998,0.98
5/13/1998,0.98
5/14/1998,0.97
5/15/1998,0.96
5/18/1998,0.97
5/19/1998,0.96
5/20/1998,0.97
5/21/1998,0.97
5/22/1998,0.97
5/25/1998,0.97
5/26/1998,0.96
5/27/1998,0.96
5/28/1998,0.97
5/29/1998,0.97
5/31/1998,0.97
6/1/1998,0.97
6/2/1998,0.98
6/3/1998,0.98
6/4/1998,0.99
6/5/1998,0.99
6/8/1998,0.99
6/9/1998,0.99
6/10/1998,0.99
6/11/1998,0.99
6/12/1998,0.99
6/15/1998,0.99
6/16/1998,0.99
6/17/1998,0.99
6/18/1998,0.99
6/19/1998,0.99
6/22/1998,0.99
6/23/1998,0.995
6/24/1998,0.995
6/25/1998,0.99
6/26/1998,0.99
6/29/1998,0.99
6/30/1998,1.02
7/1/1998,1.04
7/2/1998,1.04
7/3/1998,1.04
7/6/1998,1.04
7/7/1998,1.04
7/8/1998,1.04
7/9/1998,1.04
7/10/1998,1.04
7/13/1998,1.04
7/14/1998,1.04
7/15/1998,1.03
7/16/1998,1.03
7/17/1998,1.04
7/20/1998,1.04
7/21/1998,1.03
7/22/1998,1.03
7/23/1998,1.03
7/24/1998,1.03
7/27/1998,1.03
7/28/1998,1.01
7/29/1998,1.04
7/30/1998,1.07
7/31/1998,1.12
8/3/1998,1.12
8/4/1998,1.12
8/5/1998,1.12
8/6/1998,1.13
8/7/1998,1.12
8/10/1998,1.13
8/11/1998,1.13
8/12/1998,1.14
8/13/1998,1.14
8/14/1998,1.14
8/17/1998,1.15
8/18/1998,1.15
8/19/1998,1.16
8/20/1998,1.17
8/21/1998,1.18
8/24/1998,1.19
8/25/1998,1.21
8/26/1998,1.21
8/27/1998,1.23
8/28/1998,1.36
8/31/1998,1.71
9/1/1998,1.69
9/2/1998,1.7
9/3/1998,1.69
9/4/1998,1.7
9/7/1998,1.69
9/8/1998,1.67
9/9/1998,1.68
9/10/1998,1.69
9/11/1998,1.69
9/14/1998,1.68
9/15/1998,1.67
9/16/1998,1.68
9/17/1998,1.68
9/18/1998,1.68
9/21/1998,1.67
9/22/1998,1.68
9/23/1998,1.68
9/24/1998,1.68
9/25/1998,1.69
9/28/1998,1.68
9/29/1998,1.72
9/30/1998,1.78
10/1/1998,1.79
10/2/1998,1.8
10/5/1998,1.81
10/6/1998,1.81
10/7/1998,1.8
10/8/1998,1.79
10/9/1998,1.8
10/12/1998,1.81
10/13/1998,1.82
10/14/1998,1.83
10/15/1998,1.84
10/16/1998,1.84
10/19/1998,1.85
10/20/1998,1.85
10/21/1998,1.85
10/22/1998,1.85
10/23/1998,1.82
10/26/1998,1.86
10/27/1998,1.85
10/28/1998,1.87
10/29/1998,1.89
10/30/1998,1.96
10/31/1998,1.97
11/2/1998,1.96
11/3/1998,1.96
11/4/1998,1.95
11/5/1998,1.94
11/6/1998,1.93
11/9/1998,1.92
11/10/1998,1.92
11/11/1998,1.92
11/12/1998,1.91
11/13/1998,1.92
11/16/1998,1.91
11/17/1998,1.9
11/18/1998,1.9
11/19/1998,1.9
11/20/1998,1.89
11/23/1998,1.89
11/24/1998,1.84
11/25/1998,1.83
11/26/1998,1.83
11/27/1998,1.82
11/30/1998,1.75
12/1/1998,1.75
12/2/1998,1.75
12/3/1998,1.74
12/4/1998,1.75
12/7/1998,1.72
12/8/1998,1.73
12/9/1998,1.72
12/10/1998,1.73
12/11/1998,1.73
12/14/1998,1.78
12/15/1998,1.78
12/16/1998,1.78
12/17/1998,1.77
12/18/1998,1.76
12/21/1998,1.76
12/22/1998,1.77
12/23/1998,1.78
12/24/1998,1.79
12/25/1998,1.805
12/28/1998,1.82
12/29/1998,1.84
12/30/1998,1.76
12/31/1998,1.71
1/1/1999,1.715
1/4/1999,1.72
1/5/1999,1.73
1/6/1999,1.73
1/7/1999,1.73
1/8/1999,1.68
1/11/1999,1.66
1/12/1999,1.68
1/13/1999,1.69
1/14/1999,1.68
1/15/1999,1.68
1/18/1999,1.71
1/19/1999,1.67
1/20/1999,1.67
1/21/1999,1.69
1/22/1999,1.68
1/25/1999,1.67
1/26/1999,1.68
1/27/1999,1.68
1/28/1999,1.67
1/29/1999,1.62
1/31/1999,1.63
2/1/1999,1.64
2/2/1999,1.63
2/3/1999,1.63
2/4/1999,1.64
2/5/1999,1.61
2/8/1999,1.61
2/9/1999,1.64
2/10/1999,1.59
2/11/1999,1.59
2/12/1999,1.6
2/15/1999,1.59
2/16/1999,1.58
2/17/1999,1.58
2/18/1999,1.55
2/19/1999,1.56
2/22/1999,1.57
2/23/1999,1.55
2/24/1999,1.56
2/25/1999,1.53
2/26/1999,1.52
2/28/1999,1.56
3/1/1999,1.54
3/2/1999,1.56
3/3/1999,1.53
3/4/1999,1.57
3/5/1999,1.54
3/8/1999,1.53
3/9/1999,1.53
3/10/1999,1.52
3/11/1999,1.51
3/12/1999,1.52
3/15/1999,1.5
3/16/1999,1.48
3/17/1999,1.48
3/18/1999,1.47
3/19/1999,1.46
3/22/1999,1.46
3/23/1999,1.48
3/24/1999,1.46
3/25/1999,1.45
3/26/1999,1.46
3/29/1999,1.45
3/30/1999,1.45
3/31/1999,1.5
4/1/1999,1.46
4/2/1999,1.46
4/5/1999,1.47
4/6/1999,1.47
4/7/1999,1.47
4/8/1999,1.48
4/9/1999,1.48
4/12/1999,1.47
4/13/1999,1.47
4/14/1999,1.47
4/15/1999,1.47
4/16/1999,1.46
4/19/1999,1.45
4/20/1999,1.45
4/21/1999,1.45
4/22/1999,1.45
4/23/1999,1.45
4/26/1999,1.46
4/27/1999,1.46
4/28/1999,1.46
4/29/1999,1.47
4/30/1999,1.5
5/3/1999,1.44
5/4/1999,1.44
5/5/1999,1.44
5/6/1999,1.42
5/7/1999,1.42
5/10/1999,1.41
5/11/1999,1.41
5/12/1999,1.41
5/13/1999,1.42
5/14/1999,1.42
5/17/1999,1.41
5/18/1999,1.37
5/19/1999,1.43
5/20/1999,1.45
5/21/1999,1.45
5/24/1999,1.44
5/25/1999,1.46
5/26/1999,1.45
5/27/1999,1.45
5/28/1999,1.47
5/31/1999,1.48
6/1/1999,1.48
6/2/1999,1.47
6/3/1999,1.48
6/4/1999,1.49
6/7/1999,1.49
6/8/1999,1.49
6/9/1999,1.48
6/10/1999,1.48
6/11/1999,1.48
6/14/1999,1.48
6/15/1999,1.49
6/16/1999,1.49
6/17/1999,1.49
6/18/1999,1.49
6/21/1999,1.49
6/22/1999,1.48
6/23/1999,1.49
6/24/1999,1.49
6/25/1999,1.48
6/28/1999,1.48
6/29/1999,1.48
6/30/1999,1.56
7/1/1999,1.54
7/2/1999,1.53
7/5/1999,1.53
7/6/1999,1.53
7/7/1999,1.54
7/8/1999,1.54
7/9/1999,1.53
7/12/1999,1.53
7/13/1999,1.53
7/14/1999,1.53
7/15/1999,1.53
7/16/1999,1.53
7/19/1999,1.53
7/20/1999,1.52
7/21/1999,1.52
7/22/1999,1.52
7/23/1999,1.52
7/26/1999,1.54
7/27/1999,1.56
7/28/1999,1.55
7/29/1999,1.55
7/30/1999,1.61
7/31/1999,1.61
8/2/1999,1.61
8/3/1999,1.61
8/4/1999,1.61
8/5/1999,1.63
8/6/1999,1.61
8/9/1999,1.62
8/10/1999,1.63
8/11/1999,1.62
8/12/1999,1.62
8/13/1999,1.63
8/16/1999,1.63
8/17/1999,1.63
8/18/1999,1.64
8/19/1999,1.64
8/20/1999,1.65
8/23/1999,1.64
8/24/1999,1.64
8/25/1999,1.66
8/26/1999,1.66
8/27/1999,1.65
8/30/1999,1.64
8/31/1999,1.67
9/1/1999,1.67
9/2/1999,1.68
9/3/1999,1.67
9/6/1999,1.67
9/7/1999,1.68
9/8/1999,1.67
9/9/1999,1.67
9/10/1999,1.67
9/13/1999,1.66
9/14/1999,1.66
9/15/1999,1.65
9/16/1999,1.65
9/17/1999,1.65
9/20/1999,1.65
9/21/1999,1.66
9/22/1999,1.66
9/23/1999,1.65
9/24/1999,1.67
9/27/1999,1.68
9/28/1999,1.67
9/29/1999,1.66
9/30/1999,1.63
10/1/1999,1.63
10/4/1999,1.6
10/5/1999,1.71
10/6/1999,1.64
10/7/1999,1.63
10/8/1999,1.63
10/11/1999,1.61
10/12/1999,1.59
10/13/1999,1.64
10/14/1999,1.61
10/15/1999,1.56
10/18/1999,1.62
10/19/1999,1.66
10/20/1999,1.59
10/21/1999,1.65
10/22/1999,1.61
10/25/1999,1.57
10/26/1999,1.62
10/27/1999,1.6
10/28/1999,1.63
10/29/1999,1.62
10/31/1999,1.62
11/1/1999,1.66
11/2/1999,1.66
11/3/1999,1.66
11/4/1999,1.66
11/5/1999,1.66
11/8/1999,1.65
11/9/1999,1.65
11/10/1999,1.64
11/11/1999,1.66
11/12/1999,1.65
11/15/1999,1.64
11/16/1999,1.63
11/17/1999,1.64
11/18/1999,1.65
11/19/1999,1.64
11/22/1999,1.64
11/23/1999,1.64
11/24/1999,1.63
11/25/1999,1.63
11/26/1999,1.62
11/29/1999,1.6
11/30/1999,1.61
12/1/1999,1.61
12/2/1999,1.61
12/3/1999,1.61
12/6/1999,1.6
12/7/1999,1.6
12/8/1999,1.59
12/9/1999,1.61
12/10/1999,1.61
12/13/1999,1.61
12/14/1999,1.61
12/15/1999,1.59
12/16/1999,1.58
12/17/1999,1.59
12/20/1999,1.58
12/21/1999,1.58
12/22/1999,1.57
12/23/1999,1.57
12/24/1999,1.57
12/27/1999,1.58
12/28/1999,1.56
12/29/1999,1.52
12/30/1999,1.52
12/31/1999,1.53
1/3/2000,1.53
1/4/2000,1.53
1/5/2000,1.55
1/6/2000,1.55
1/7/2000,1.58
1/10/2000,1.55
1/11/2000,1.53
1/12/2000,1.52
1/13/2000,1.55
1/14/2000,1.56
1/17/2000,1.57
1/18/2000,1.56
1/19/2000,1.55
1/20/2000,1.55
1/21/2000,1.56
1/24/2000,1.56
1/25/2000,1.55
1/26/2000,1.54
1/27/2000,1.54
1/28/2000,1.53
1/31/2000,1.56
2/1/2000,1.54
2/2/2000,1.53
2/3/2000,1.54
2/4/2000,1.51
2/7/2000,1.51
2/8/2000,1.52
2/9/2000,1.53
2/10/2000,1.54
2/11/2000,1.55
2/14/2000,1.54
2/15/2000,1.54
2/16/2000,1.55
2/17/2000,1.53
2/18/2000,1.54
2/21/2000,1.54
2/22/2000,1.55
2/23/2000,1.54
2/24/2000,1.56
2/25/2000,1.56
2/28/2000,1.61
2/29/2000,1.66
3/1/2000,1.67
3/2/2000,1.67
3/3/2000,1.68
3/6/2000,1.68
3/7/2000,1.7
3/8/2000,1.69
3/9/2000,1.69
3/10/2000,1.68
3/13/2000,1.7
3/14/2000,1.7
3/15/2000,1.71
3/16/2000,1.72
3/17/2000,1.72
3/20/2000,1.72
3/21/2000,1.72
3/22/2000,1.73
3/23/2000,1.72
3/24/2000,1.71
3/27/2000,1.72
3/28/2000,1.74
3/29/2000,1.73
3/30/2000,1.86
3/31/2000,1.92
4/3/2000,1.93
4/4/2000,1.94
4/5/2000,1.94
4/6/2000,1.94
4/7/2000,1.97
4/10/2000,1.99
4/11/2000,2.04
4/12/2000,2.04
4/13/2000,2.05
4/14/2000,2.07
4/17/2000,2.05
4/18/2000,2.05
4/19/2000,2.06
4/20/2000,2.06
4/21/2000,2.055
4/24/2000,2.05
4/25/2000,2.07
4/26/2000,2.12
4/27/2000,2.13
4/28/2000,2.2
4/30/2000,2.12
5/1/2000,2.13
5/2/2000,2.13
5/3/2000,2.12
5/4/2000,2.12
5/5/2000,2.11
5/8/2000,2.12
5/9/2000,2.13
5/10/2000,2.17
5/11/2000,2.18
5/12/2000,2.18
5/15/2000,2.17
5/16/2000,2.19
5/17/2000,2.19
5/18/2000,2.18
5/19/2000,2.18
5/22/2000,2.18
5/23/2000,2.19
5/24/2000,2.19
5/25/2000,2.25
5/26/2000,2.24
5/29/2000,2.25
5/30/2000,2.25
5/31/2000,2.28
6/1/2000,2.28
6/2/2000,2.28
6/5/2000,2.25
6/6/2000,2.25
6/7/2000,2.22
6/8/2000,2.22
6/9/2000,2.21
6/12/2000,2.21
6/13/2000,2.19
6/14/2000,2.18
6/15/2000,2.17
6/16/2000,2.16
6/19/2000,2.16
6/20/2000,2.15
6/21/2000,2.14
6/22/2000,2.14
6/23/2000,2.13
6/26/2000,2.14
6/27/2000,2.15
6/28/2000,2.15
6/29/2000,2.14
6/30/2000,2.18
7/3/2000,2.18
7/4/2000,2.18
7/5/2000,2.17
7/6/2000,2.17
7/7/2000,2.18
7/10/2000,2.17
7/11/2000,2.16
7/12/2000,2.15
7/13/2000,2.15
7/14/2000,2.15
7/17/2000,2.13
7/18/2000,2.12
7/19/2000,2.11
7/20/2000,2.12
7/21/2000,2.12
7/24/2000,2.12
7/25/2000,2.12
7/26/2000,2.08
7/27/2000,2.11
7/28/2000,2.11
7/31/2000,2.14
8/1/2000,2.13
8/2/2000,2.14
8/3/2000,2.14
8/4/2000,2.14
8/7/2000,2.13
8/8/2000,2.13
8/9/2000,2.13
8/10/2000,2.14
8/11/2000,2.13
8/14/2000,2.13
8/15/2000,2.13
8/16/2000,2.12
8/17/2000,2.13
8/18/2000,2.14
8/21/2000,2.17
8/22/2000,2.19
8/23/2000,2.19
8/24/2000,2.2
8/25/2000,2.19
8/28/2000,2.2
8/29/2000,2.19
8/30/2000,2.2
8/31/2000,2.16
9/1/2000,2.17
9/4/2000,2.17
9/5/2000,2.17
9/6/2000,2.17
9/7/2000,2.16
9/8/2000,2.17
9/11/2000,2.17
9/12/2000,2.17
9/13/2000,2.17
9/14/2000,2.17
9/15/2000,2.17
9/18/2000,2.17
9/19/2000,2.16
9/20/2000,2.16
9/21/2000,2.15
9/22/2000,2.16
9/25/2000,2.15
9/26/2000,2.16
9/27/2000,2.14
9/28/2000,2.13
9/29/2000,2.13
9/30/2000,2.14
10/2/2000,2.13
10/3/2000,2.14
10/4/2000,2.16
10/5/2000,2.19
10/6/2000,2.19
10/9/2000,2.2
10/10/2000,2.21
10/11/2000,2.22
10/12/2000,2.27
10/13/2000,2.29
10/16/2000,2.3
10/17/2000,2.32
10/18/2000,2.35
10/19/2000,2.35
10/20/2000,2.37
10/23/2000,2.39
10/24/2000,2.38
10/25/2000,2.37
10/26/2000,2.41
10/27/2000,2.45
10/30/2000,2.48
10/31/2000,2.52
11/1/2000,2.51
11/2/2000,2.5
11/3/2000,2.48
11/6/2000,2.48
11/7/2000,2.47
11/8/2000,2.47
11/9/2000,2.47
11/10/2000,2.47
11/13/2000,2.48
11/14/2000,2.47
11/15/2000,2.48
11/16/2000,2.49
11/17/2000,2.49
11/20/2000,2.51
11/21/2000,2.51
11/22/2000,2.54
11/23/2000,2.54
11/24/2000,2.54
11/27/2000,2.57
11/28/2000,2.58
11/29/2000,2.61
11/30/2000,2.62
12/1/2000,2.62
12/4/2000,2.66
12/5/2000,2.68
12/6/2000,2.68
12/7/2000,2.69
12/8/2000,2.71
12/11/2000,2.7
12/12/2000,2.7
12/13/2000,2.71
12/14/2000,2.68
12/15/2000,2.67
12/18/2000,2.67
12/19/2000,2.67
12/20/2000,2.66
12/21/2000,2.68
12/22/2000,2.68
12/25/2000,2.685
12/26/2000,2.69
12/27/2000,2.7
12/28/2000,2.71
12/29/2000,2.71
12/31/2000,2.66
1/1/2001,2.68
1/2/2001,2.7
1/3/2001,2.67
1/4/2001,2.67
1/5/2001,2.67
1/8/2001,2.64
1/9/2001,2.59
1/10/2001,2.57
1/11/2001,2.56
1/12/2001,2.54
1/15/2001,2.53
1/16/2001,2.52
1/17/2001,2.48
1/18/2001,2.48
1/19/2001,2.45
1/22/2001,2.44
1/23/2001,2.37
1/24/2001,2.41
1/25/2001,2.4
1/26/2001,2.39
1/29/2001,2.38
1/30/2001,2.36
1/31/2001,2.36
2/1/2001,2.34
2/2/2001,2.34
2/5/2001,2.34
2/6/2001,2.33
2/7/2001,2.33
2/8/2001,2.33
2/9/2001,2.35
2/12/2001,2.36
2/13/2001,2.35
2/14/2001,2.36
2/15/2001,2.36
2/16/2001,2.37
2/19/2001,2.37
2/20/2001,2.37
2/21/2001,2.37
2/22/2001,2.39
2/23/2001,2.4
2/26/2001,2.4
2/27/2001,2.4
2/28/2001,2.42
3/1/2001,2.39
3/2/2001,2.39
3/5/2001,2.38
3/6/2001,2.39
3/7/2001,2.38
3/8/2001,2.37
3/9/2001,2.37
3/12/2001,2.37
3/13/2001,2.37
3/14/2001,2.38
3/15/2001,2.38
3/16/2001,2.38
3/19/2001,2.37
3/20/2001,2.38
3/21/2001,2.39
3/22/2001,2.4
3/23/2001,2.41
3/26/2001,2.41
3/27/2001,2.4
3/28/2001,2.44
3/29/2001,2.43
3/30/2001,2.42
3/31/2001,2.38
4/2/2001,2.39
4/3/2001,2.47
4/4/2001,2.53
4/5/2001,2.71
4/6/2001,2.46
4/9/2001,2.47
4/10/2001,2.47
4/11/2001,2.47
4/12/2001,2.47
4/13/2001,2.47
4/16/2001,2.47
4/17/2001,2.48
4/18/2001,2.5
4/19/2001,2.44
4/20/2001,2.44
4/23/2001,2.46
4/24/2001,2.46
4/25/2001,2.55
4/26/2001,2.59
4/27/2001,2.63
4/30/2001,2.19
5/1/2001,2.18
5/2/2001,2.17
5/3/2001,2.17
5/4/2001,2.17
5/7/2001,2.16
5/8/2001,2.16
5/9/2001,2.16
5/10/2001,2.16
5/11/2001,2.15
5/14/2001,2.15
5/15/2001,2.14
5/16/2001,2.13
5/17/2001,2.12
5/18/2001,2.12
5/21/2001,2.1
5/22/2001,2.09
5/23/2001,2.1
5/24/2001,2.09
5/25/2001,2.08
5/28/2001,2.08
5/29/2001,2.07
5/30/2001,2.06
5/31/2001,2.06
6/1/2001,2.05
6/4/2001,2.05
6/5/2001,2.04
6/6/2001,2.03
6/7/2001,2.02
6/8/2001,2.02
6/11/2001,2.02
6/12/2001,2.02
6/13/2001,2.03
6/14/2001,2.02
6/15/2001,2.03
6/18/2001,2.03
6/19/2001,2.05
6/20/2001,2.07
6/21/2001,2.07
6/22/2001,2.08
6/25/2001,2.08
6/26/2001,2.08
6/27/2001,2.06
6/28/2001,2.06
6/29/2001,2.07
6/30/2001,2.08
7/2/2001,2.08
7/3/2001,2.05
7/4/2001,2.05
7/5/2001,2.09
7/6/2001,2.1
7/9/2001,2.06
7/10/2001,2.07
7/11/2001,2.07
7/12/2001,2.08
7/13/2001,2.07
7/16/2001,2.07
7/17/2001,2.07
7/18/2001,2.08
7/19/2001,2.08
7/20/2001,2.07
7/23/2001,2.06
7/24/2001,2.05
7/25/2001,2.05
7/26/2001,2.05
7/27/2001,2.05
7/30/2001,2.03
7/31/2001,2.05
8/1/2001,2.03
8/2/2001,2.03
8/3/2001,2.03
8/6/2001,2.03
8/7/2001,2.03
8/8/2001,2.03
8/9/2001,2.04
8/10/2001,2.04
8/13/2001,2.06
8/14/2001,2.06
8/15/2001,2.06
8/16/2001,2.07
8/17/2001,2.08
8/20/2001,2.08
8/21/2001,2.1
8/22/2001,2.09
8/23/2001,2.09
8/24/2001,2.09
8/27/2001,2.09
8/28/2001,2.08
8/29/2001,2.08
8/30/2001,2.07
8/31/2001,2.09
9/3/2001,2.09
9/4/2001,2.09
9/5/2001,2.1
9/6/2001,2.11
9/7/2001,2.14
9/10/2001,2.17
9/11/2001,2.17
9/12/2001,#DIV/0!
9/13/2001,2.39
9/14/2001,2.39
9/17/2001,2.41
9/18/2001,2.46
9/19/2001,2.41
9/20/2001,2.43
9/21/2001,2.46
9/24/2001,2.63
9/25/2001,2.48
9/26/2001,2.47
9/27/2001,2.52
9/28/2001,2.49
9/30/2001,2.46
10/1/2001,2.47
10/2/2001,2.47
10/3/2001,2.46
10/4/2001,2.46
10/5/2001,2.46
10/8/2001,2.46
10/9/2001,2.47
10/10/2001,2.47
10/11/2001,2.46
10/12/2001,2.45
10/15/2001,2.44
10/16/2001,2.44
10/17/2001,2.42
10/18/2001,2.42
10/19/2001,2.42
10/22/2001,2.44
10/23/2001,2.44
10/24/2001,2.45
10/25/2001,2.46
10/26/2001,2.48
10/29/2001,2.48
10/30/2001,2.52
10/31/2001,2.57
11/1/2001,2.57
11/2/2001,2.58
11/5/2001,2.59
11/6/2001,2.58
11/7/2001,2.61
11/8/2001,2.59
11/9/2001,2.57
11/12/2001,2.57
11/13/2001,2.55
11/14/2001,2.52
11/15/2001,2.48
11/16/2001,2.45
11/19/2001,2.45
11/20/2001,2.45
11/21/2001,2.41
11/22/2001,2.41
11/23/2001,2.37
11/26/2001,2.37
11/27/2001,2.33
11/28/2001,2.34
11/29/2001,2.34
11/30/2001,2.34
12/3/2001,2.35
12/4/2001,2.36
12/5/2001,2.34
12/6/2001,2.29
12/7/2001,2.28
12/10/2001,2.31
12/11/2001,2.36
12/12/2001,2.36
12/13/2001,2.35
12/14/2001,2.34
12/17/2001,2.24
12/18/2001,2.34
12/19/2001,2.34
12/20/2001,2.33
12/21/2001,2.31
12/24/2001,2.32
12/25/2001,2.315
12/26/2001,2.31
12/27/2001,2.29
12/28/2001,2.3
12/31/2001,2.22
1/1/2002,2.21
1/2/2002,2.2
1/3/2002,2.18
1/4/2002,2.16
1/7/2002,2.18
1/8/2002,2.18
1/9/2002,2.18
1/10/2002,2.2
1/11/2002,2.22
1/14/2002,2.21
1/15/2002,2.21
1/16/2002,2.22
1/17/2002,2.22
1/18/2002,2.23
1/21/2002,2.23
1/22/2002,2.23
1/23/2002,2.24
1/24/2002,2.21
1/25/2002,2.2
1/28/2002,2.19
1/29/2002,2.21
1/30/2002,2.28
1/31/2002,2.3
2/1/2002,2.3
2/4/2002,2.36
2/5/2002,2.48
2/6/2002,2.51
2/7/2002,2.51
2/8/2002,2.48
2/11/2002,2.51
2/12/2002,2.5
2/13/2002,2.49
2/14/2002,2.46
2/15/2002,2.51
2/18/2002,2.51
2/19/2002,2.53
2/20/2002,2.56
2/21/2002,2.56
2/22/2002,2.56
2/25/2002,2.52
2/26/2002,2.5
2/27/2002,2.49
2/28/2002,2.49
3/1/2002,2.45
3/4/2002,2.45
3/5/2002,2.44
3/6/2002,2.42
3/7/2002,2.38
3/8/2002,2.35
3/11/2002,2.35
3/12/2002,2.36
3/13/2002,2.38
3/14/2002,2.36
3/15/2002,2.35
3/18/2002,2.36
3/19/2002,2.37
3/20/2002,2.35
3/21/2002,2.35
3/22/2002,2.33
3/25/2002,2.34
3/26/2002,2.35
3/27/2002,2.38
3/28/2002,2.39
3/29/2002,2.39
3/31/2002,2.39
4/1/2002,2.38
4/2/2002,2.39
4/3/2002,2.38
4/4/2002,2.4
4/5/2002,2.41
4/8/2002,2.41
4/9/2002,2.42
4/10/2002,2.42
4/11/2002,2.47
4/12/2002,2.47
4/15/2002,2.46
4/16/2002,2.47
4/17/2002,2.42
4/18/2002,2.39
4/19/2002,2.4
4/22/2002,2.51
4/23/2002,2.57
4/24/2002,2.59
4/25/2002,2.63
4/26/2002,2.62
4/29/2002,2.73
4/30/2002,2.71
5/1/2002,2.8
5/2/2002,2.8
5/3/2002,2.77
5/6/2002,2.8
5/7/2002,2.82
5/8/2002,2.76
5/9/2002,2.76
5/10/2002,2.77
5/13/2002,2.77
5/14/2002,2.78
5/15/2002,2.75
5/16/2002,2.77
5/17/2002,2.77
5/20/2002,2.77
5/21/2002,2.76
5/22/2002,2.76
5/23/2002,2.73
5/24/2002,2.71
5/27/2002,2.71
5/28/2002,2.67
5/29/2002,2.67
5/30/2002,2.68
5/31/2002,2.26
6/3/2002,2.27
6/4/2002,2.26
6/5/2002,2.25
6/6/2002,2.26
6/7/2002,2.3
6/10/2002,2.29
6/11/2002,2.32
6/12/2002,2.35
6/13/2002,2.35
6/14/2002,2.38
6/17/2002,2.37
6/18/2002,2.38
6/19/2002,2.41
6/20/2002,2.44
6/21/2002,2.46
6/24/2002,2.51
6/25/2002,2.49
6/26/2002,2.68
6/27/2002,2.67
6/28/2002,2.71
6/30/2002,2.65
7/1/2002,2.65
7/2/2002,2.76
7/3/2002,2.78
7/4/2002,2.78
7/5/2002,2.75
7/8/2002,2.74
7/9/2002,2.71
7/10/2002,2.71
7/11/2002,2.78
7/12/2002,2.78
7/15/2002,2.84
7/16/2002,2.87
7/17/2002,2.87
7/18/2002,2.88
7/19/2002,2.97
7/22/2002,3.05
7/23/2002,3.15
7/24/2002,3.35
7/25/2002,3.38
7/26/2002,3.48
7/29/2002,3.5
7/30/2002,3.47
7/31/2002,3.29
8/1/2002,3.25
8/2/2002,3.34
8/5/2002,3.49
8/6/2002,3.5
8/7/2002,3.48
8/8/2002,3.48
8/9/2002,3.55
8/12/2002,3.55
8/13/2002,3.56
8/14/2002,3.52
8/15/2002,3.46
8/16/2002,3.45
8/19/2002,3.41
8/20/2002,3.32
8/21/2002,3.28
8/22/2002,3.23
8/23/2002,3.23
8/26/2002,3.21
8/27/2002,3.18
8/28/2002,3.19
8/29/2002,3.2
8/30/2002,3.2
8/31/2002,3.18
9/2/2002,3.17
9/3/2002,3.26
9/4/2002,3.29
9/5/2002,3.29
9/6/2002,3.28
9/9/2002,3.28
9/10/2002,3.26
9/11/2002,3.25
9/12/2002,3.21
9/13/2002,3.21
9/16/2002,3.18
9/17/2002,3.16
9/18/2002,3.16
9/19/2002,3.21
9/20/2002,3.25
9/23/2002,3.31
9/24/2002,3.4
9/25/2002,3.37
9/26/2002,3.34
9/27/2002,3.35
9/30/2002,3.47
10/1/2002,3.44
10/2/2002,3.42
10/3/2002,3.45
10/4/2002,3.55
10/7/2002,3.65
10/8/2002,3.81
10/9/2002,3.99
10/10/2002,4.03
10/11/2002,3.91
10/14/2002,3.91
10/15/2002,3.8
10/16/2002,3.84
10/17/2002,3.83
10/18/2002,3.83
10/21/2002,3.81
10/22/2002,3.79
10/23/2002,3.79
10/24/2002,3.73
10/25/2002,3.71
10/28/2002,3.67
10/29/2002,3.66
10/30/2002,3.66
10/31/2002,3.53
11/1/2002,3.51
11/4/2002,3.43
11/5/2002,3.38
11/6/2002,3.31
11/7/2002,3.28
11/8/2002,3.3
11/11/2002,3.3
11/12/2002,3.33
11/13/2002,3.32
11/14/2002,3.22
11/15/2002,3.13
11/18/2002,3.05
11/19/2002,3.02
11/20/2002,2.97
11/21/2002,2.89
11/22/2002,2.87
11/25/2002,2.87
11/26/2002,2.91
11/27/2002,2.86
11/28/2002,2.86
11/29/2002,2.88
11/30/2002,2.83
12/2/2002,2.74
12/3/2002,2.79
12/4/2002,2.82
12/5/2002,2.82
12/6/2002,2.83
12/9/2002,2.86
12/10/2002,2.87
12/11/2002,2.84
12/12/2002,2.82
12/13/2002,2.81
12/16/2002,2.77
12/17/2002,2.71
12/18/2002,2.71
12/19/2002,2.72
12/20/2002,2.72
12/23/2002,2.72
12/24/2002,2.72
12/25/2002,2.72
12/26/2002,2.72
12/27/2002,2.73
12/30/2002,2.73
12/31/2002,2.7
1/1/2003,2.685
1/2/2003,2.67
1/3/2003,2.64
1/6/2003,2.61
1/7/2003,2.58
1/8/2003,2.57
1/9/2003,2.53
1/10/2003,2.48
1/13/2003,2.46
1/14/2003,2.47
1/15/2003,2.48
1/16/2003,2.51
1/17/2003,2.53
1/20/2003,2.53
1/21/2003,2.53
1/22/2003,2.56
1/23/2003,2.53
1/24/2003,2.54
1/27/2003,2.56
1/28/2003,2.53
1/29/2003,2.54
1/30/2003,2.52
1/31/2003,2.51
2/3/2003,2.48
2/4/2003,2.49
2/5/2003,2.46
2/6/2003,2.48
2/7/2003,2.47
2/10/2003,2.46
2/11/2003,2.45
2/12/2003,2.46
2/13/2003,2.5
2/14/2003,2.5
2/17/2003,2.49
2/18/2003,2.48
2/19/2003,2.47
2/20/2003,2.46
2/21/2003,2.45
2/24/2003,2.44
2/25/2003,2.47
2/26/2003,2.45
2/27/2003,2.45
2/28/2003,2.44
3/3/2003,2.4
3/4/2003,2.44
3/5/2003,2.48
3/6/2003,2.49
3/7/2003,2.53
3/10/2003,2.55
3/11/2003,2.57
3/12/2003,2.59
3/13/2003,2.53
3/14/2003,2.52
3/17/2003,2.51
3/18/2003,2.48
3/19/2003,2.47
3/20/2003,2.47
3/21/2003,2.41
3/24/2003,2.42
3/25/2003,2.42
3/26/2003,2.38
3/27/2003,2.36
3/28/2003,2.35
3/31/2003,2.35
4/1/2003,2.33
4/2/2003,2.29
4/3/2003,2.26
4/4/2003,2.28
4/7/2003,2.23
4/8/2003,2.26
4/9/2003,2.26
4/10/2003,2.27
4/11/2003,2.26
4/14/2003,2.27
4/15/2003,2.2
4/16/2003,2.16
4/17/2003,2.13
4/18/2003,2.115
4/21/2003,2.1
4/22/2003,2.06
4/23/2003,2.02
4/24/2003,2.01
4/25/2003,1.995
4/28/2003,1.99
4/29/2003,1.97
4/30/2003,1.97
5/1/2003,1.95
5/2/2003,1.91
5/5/2003,1.89
5/6/2003,1.87
5/7/2003,1.87
5/8/2003,1.88
5/9/2003,1.88
5/12/2003,1.89
5/13/2003,1.92
5/14/2003,1.94
5/15/2003,1.95
5/16/2003,1.95
5/19/2003,1.96
5/20/2003,1.98
5/21/2003,1.99
5/22/2003,1.98
5/23/2003,1.96
5/26/2003,1.96
5/27/2003,1.94
5/28/2003,1.93
5/29/2003,1.92
5/30/2003,1.92
5/31/2003,1.92
6/2/2003,1.9
6/3/2003,1.91
6/4/2003,1.92
6/5/2003,1.9
6/6/2003,1.88
6/9/2003,1.87
6/10/2003,1.87
6/11/2003,1.86
6/12/2003,1.86
6/13/2003,1.86
6/16/2003,1.83
6/17/2003,1.79
6/18/2003,1.78
6/19/2003,1.79
6/20/2003,1.8
6/23/2003,1.81
6/24/2003,1.82
6/25/2003,1.8
6/26/2003,1.8
6/27/2003,1.79
6/30/2003,1.79
7/1/2003,1.81
7/2/2003,1.81
7/3/2003,1.79
7/4/2003,1.78
7/7/2003,1.77
7/8/2003,1.76
7/9/2003,1.75
7/10/2003,1.75
7/11/2003,1.77
7/14/2003,1.74
7/15/2003,1.72
7/16/2003,1.71
7/17/2003,1.71
7/18/2003,1.69
7/21/2003,1.68
7/22/2003,1.66
7/23/2003,1.67
7/24/2003,1.65
7/25/2003,1.65
7/28/2003,1.65
7/29/2003,1.65
7/30/2003,1.68
7/31/2003,1.72
8/1/2003,1.72
8/4/2003,1.72
8/5/2003,1.72
8/6/2003,1.75
8/7/2003,1.76
8/8/2003,1.74
8/11/2003,1.74
8/12/2003,1.76
8/13/2003,1.76
8/14/2003,1.76
8/15/2003,1.75
8/18/2003,1.75
8/19/2003,1.73
8/20/2003,1.72
8/21/2003,1.69
8/22/2003,1.69
8/25/2003,1.69
8/26/2003,1.68
8/27/2003,1.68
8/28/2003,1.68
8/29/2003,1.66
8/31/2003,1.67
9/1/2003,1.67
9/2/2003,1.63
9/3/2003,1.63
9/4/2003,1.65
9/5/2003,1.65
9/8/2003,1.66
9/9/2003,1.65
9/10/2003,1.65
9/11/2003,1.64
9/12/2003,1.63
9/15/2003,1.63
9/16/2003,1.62
9/17/2003,1.6
9/18/2003,1.58
9/19/2003,1.57
9/22/2003,1.58
9/23/2003,1.59
9/24/2003,1.59
9/25/2003,1.58
9/26/2003,1.59
9/29/2003,1.59
9/30/2003,1.59
10/1/2003,1.59
10/2/2003,1.58
10/3/2003,1.58
10/6/2003,1.58
10/7/2003,1.57
10/8/2003,1.57
10/9/2003,1.54
10/10/2003,1.54
10/13/2003,1.53
10/14/2003,1.53
10/15/2003,1.5
10/16/2003,1.48
10/17/2003,1.46
10/20/2003,1.45
10/21/2003,1.48
10/22/2003,1.51
10/23/2003,1.51
10/24/2003,1.51
10/27/2003,1.51
10/28/2003,1.5
10/29/2003,1.5
10/30/2003,1.48
10/31/2003,1.49
11/3/2003,1.49
11/4/2003,1.5
11/5/2003,1.52
11/6/2003,1.52
11/7/2003,1.5
11/10/2003,1.5
11/11/2003,1.5
11/12/2003,1.45
11/13/2003,1.44
11/14/2003,1.44
11/17/2003,1.43
11/18/2003,1.43
11/19/2003,1.43
11/20/2003,1.44
11/21/2003,1.44
11/24/2003,1.43
11/25/2003,1.42
11/26/2003,1.41
11/27/2003,1.41
11/28/2003,1.41
11/30/2003,1.42
12/1/2003,1.4
12/2/2003,1.39
12/3/2003,1.37
12/4/2003,1.36
12/5/2003,1.37
12/8/2003,1.36
12/9/2003,1.35
12/10/2003,1.35
12/11/2003,1.38
12/12/2003,1.37
12/15/2003,1.35
12/16/2003,1.37
12/17/2003,1.36
12/18/2003,1.35
12/19/2003,1.33
12/22/2003,1.33
12/23/2003,1.32
12/24/2003,1.33
12/25/2003,1.325
12/26/2003,1.32
12/29/2003,1.31
12/30/2003,1.32
12/31/2003,1.3
1/1/2004,1.295
1/2/2004,1.29
1/5/2004,1.27
1/6/2004,1.27
1/7/2004,1.27
1/8/2004,1.26
1/9/2004,1.27
1/12/2004,1.28
1/13/2004,1.27
1/14/2004,1.28
1/15/2004,1.27
1/16/2004,1.26
1/19/2004,1.26
1/20/2004,1.26
1/21/2004,1.26
1/22/2004,1.25
1/23/2004,1.24
1/26/2004,1.24
1/27/2004,1.25
1/28/2004,1.24
1/29/2004,1.26
1/30/2004,1.27
1/31/2004,1.28
2/2/2004,1.28
2/3/2004,1.29
2/4/2004,1.29
2/5/2004,1.29
2/6/2004,1.29
2/9/2004,1.28
2/10/2004,1.28
2/11/2004,1.29
2/12/2004,1.28
2/13/2004,1.29
2/16/2004,1.28
2/17/2004,1.28
2/18/2004,1.28
2/19/2004,1.28
2/20/2004,1.29
2/23/2004,1.28
2/24/2004,1.3
2/25/2004,1.31
2/26/2004,1.3
2/27/2004,1.3
2/29/2004,1.31
3/1/2004,1.3
3/2/2004,1.3
3/3/2004,1.31
3/4/2004,1.3
3/5/2004,1.31
3/8/2004,1.31
3/9/2004,1.32
3/10/2004,1.33
3/11/2004,1.34
3/12/2004,1.34
3/15/2004,1.34
3/16/2004,1.35
3/17/2004,1.34
3/18/2004,1.34
3/19/2004,1.33
3/22/2004,1.34
3/23/2004,1.34
3/24/2004,1.35
3/25/2004,1.35
3/26/2004,1.34
3/29/2004,1.32
3/30/2004,1.32
3/31/2004,1.33
4/1/2004,1.33
4/2/2004,1.31
4/5/2004,1.3
4/6/2004,1.29
4/7/2004,1.28
4/8/2004,1.27
4/9/2004,1.27
4/12/2004,1.27
4/13/2004,1.26
4/14/2004,1.26
4/15/2004,1.23
4/16/2004,1.23
4/19/2004,1.28
4/20/2004,1.28
4/21/2004,1.26
4/22/2004,1.25
4/23/2004,1.19
4/26/2004,1.22
4/27/2004,1.22
4/28/2004,1.23
4/29/2004,1.24
4/30/2004,1.25
5/3/2004,1.25
5/4/2004,1.26
5/5/2004,1.28
5/6/2004,1.3
5/7/2004,1.29
5/10/2004,1.32
5/11/2004,1.32
5/12/2004,1.34
5/13/2004,1.34
5/14/2004,1.34
5/17/2004,1.35
5/18/2004,1.34
5/19/2004,1.33
5/20/2004,1.34
5/21/2004,1.34
5/24/2004,1.33
5/25/2004,1.34
5/26/2004,1.34
5/27/2004,1.34
5/28/2004,1.32
5/31/2004,1.33
6/1/2004,1.34
6/2/2004,1.34
6/3/2004,1.34
6/4/2004,1.34
6/7/2004,1.33
6/8/2004,1.32
6/9/2004,1.32
6/10/2004,1.32
6/11/2004,1.32
6/14/2004,1.32
6/15/2004,1.31
6/16/2004,1.31
6/17/2004,1.31
6/18/2004,1.31
6/21/2004,1.31
6/22/2004,1.3
6/23/2004,1.3
6/24/2004,1.31
6/25/2004,1.31
6/28/2004,1.31
6/29/2004,1.31
6/30/2004,1.33
7/1/2004,1.33
7/2/2004,1.34
7/5/2004,1.33
7/6/2004,1.33
7/7/2004,1.33
7/8/2004,1.34
7/9/2004,1.34
7/12/2004,1.33
7/13/2004,1.32
7/14/2004,1.32
7/15/2004,1.31
7/16/2004,1.3
7/19/2004,1.29
7/20/2004,1.29
7/21/2004,1.29
7/22/2004,1.29
7/23/2004,1.29
7/26/2004,1.29
7/27/2004,1.28
7/28/2004,1.29
7/29/2004,1.28
7/30/2004,1.28
7/31/2004,1.29
8/2/2004,1.32
8/3/2004,1.31
8/4/2004,1.32
8/5/2004,1.32
8/6/2004,1.33
8/9/2004,1.33
8/10/2004,1.33
8/11/2004,1.33
8/12/2004,1.33
8/13/2004,1.33
8/16/2004,1.33
8/17/2004,1.32
8/18/2004,1.32
8/19/2004,1.31
8/20/2004,1.31
8/23/2004,1.31
8/24/2004,1.3
8/25/2004,1.3
8/26/2004,1.29
8/27/2004,1.28
8/30/2004,1.28
8/31/2004,1.27
9/1/2004,1.28
9/2/2004,1.27
9/3/2004,1.26
9/6/2004,1.26
9/7/2004,1.25
9/8/2004,1.25
9/9/2004,1.26
9/10/2004,1.25
9/13/2004,1.24
9/14/2004,1.23
9/15/2004,1.23
9/16/2004,1.24
9/17/2004,1.23
9/20/2004,1.23
9/21/2004,1.22
9/22/2004,1.23
9/23/2004,1.23
9/24/2004,1.23
9/27/2004,1.23
9/28/2004,1.23
9/29/2004,1.23
9/30/2004,1.23
10/1/2004,1.22
10/4/2004,1.21
10/5/2004,1.21
10/6/2004,1.21
10/7/2004,1.21
10/8/2004,1.21
10/11/2004,1.21
10/12/2004,1.21
10/13/2004,1.21
10/14/2004,1.21
10/15/2004,1.21
10/18/2004,1.21
10/19/2004,1.22
10/20/2004,1.25
10/21/2004,1.24
10/22/2004,1.24
10/25/2004,1.25
10/26/2004,1.24
10/27/2004,1.22
10/28/2004,1.22
10/29/2004,1.21
10/31/2004,1.22
11/1/2004,1.22
11/2/2004,1.22
11/3/2004,1.21
11/4/2004,1.2
11/5/2004,1.18
11/8/2004,1.18
11/9/2004,1.18
11/10/2004,1.17
11/11/2004,1.17
11/12/2004,1.16
11/15/2004,1.16
11/16/2004,1.16
11/17/2004,1.16
11/18/2004,1.16
11/19/2004,1.15
11/22/2004,1.15
11/23/2004,1.15
11/24/2004,1.14
11/25/2004,1.12
11/26/2004,1.14
11/29/2004,1.13
11/30/2004,1.15
12/1/2004,1.15
12/2/2004,1.14
12/3/2004,1.14
12/6/2004,1.13
12/7/2004,1.13
12/8/2004,1.13
12/9/2004,1.14
12/10/2004,1.14
12/13/2004,1.14
12/14/2004,1.14
12/15/2004,1.13
12/16/2004,1.13
12/17/2004,1.13
12/20/2004,1.11
12/21/2004,1.11
12/22/2004,1.12
12/23/2004,1.11
12/24/2004,1.11
12/27/2004,1.11
12/28/2004,1.11
12/29/2004,1.1
12/30/2004,1.1
12/31/2004,1.13
1/3/2005,1.13
1/4/2005,1.13
1/5/2005,1.14
1/6/2005,1.15
1/7/2005,1.15
1/10/2005,1.15
1/11/2005,1.15
1/12/2005,1.16
1/13/2005,1.16
1/14/2005,1.17
1/17/2005,1.16
1/18/2005,1.17
1/19/2005,1.18
1/20/2005,1.22
1/21/2005,1.22
1/24/2005,1.19
1/25/2005,1.18
1/26/2005,1.17
1/27/2005,1.16
1/28/2005,1.17
1/31/2005,1.17
2/1/2005,1.17
2/2/2005,1.16
2/3/2005,1.16
2/4/2005,1.15
2/7/2005,1.14
2/8/2005,1.14
2/9/2005,1.16
2/10/2005,1.16
2/11/2005,1.15
2/14/2005,1.15
2/15/2005,1.15
2/16/2005,1.14
2/17/2005,1.14
2/18/2005,1.13
2/21/2005,1.13
2/22/2005,1.12
2/23/2005,1.12
2/24/2005,1.11
2/25/2005,1.11
2/28/2005,1.12
3/1/2005,1.1
3/2/2005,1.1
3/3/2005,1.1
3/4/2005,1.1
3/7/2005,1.1
3/8/2005,1.1
3/9/2005,1.1
3/10/2005,1.1
3/11/2005,1.1
3/14/2005,1.11
3/15/2005,1.12
3/16/2005,1.18
3/17/2005,1.21
3/18/2005,1.21
3/21/2005,1.26
3/22/2005,1.27
3/23/2005,1.28
3/24/2005,1.27
3/25/2005,1.27
3/28/2005,1.27
3/29/2005,1.29
3/30/2005,1.31
3/31/2005,1.33
4/1/2005,1.35
4/4/2005,1.38
4/5/2005,1.38
4/6/2005,1.37
4/7/2005,1.36
4/8/2005,1.37
4/11/2005,1.44
4/12/2005,1.44
4/13/2005,1.46
4/14/2005,1.5
4/15/2005,1.55
4/18/2005,1.59
4/19/2005,1.58
4/20/2005,1.54
4/21/2005,1.5
4/22/2005,1.47
4/25/2005,1.49
4/26/2005,1.5
4/27/2005,1.5
4/28/2005,1.52
4/29/2005,1.53
4/30/2005,1.54
5/2/2005,1.54
5/3/2005,1.55
5/4/2005,1.53
5/5/2005,1.58
5/6/2005,1.63
5/9/2005,1.61
5/10/2005,1.61
5/11/2005,1.63
5/12/2005,1.65
5/13/2005,1.68
5/16/2005,1.69
5/17/2005,1.71
5/18/2005,1.71
5/19/2005,1.69
5/20/2005,1.67
5/23/2005,1.65
5/24/2005,1.67
5/25/2005,1.64
5/26/2005,1.6
5/27/2005,1.55
5/30/2005,1.55
5/31/2005,1.36
6/1/2005,1.36
6/2/2005,1.32
6/3/2005,1.31
6/6/2005,1.31
6/7/2005,1.31
6/8/2005,1.32
6/9/2005,1.33
6/10/2005,1.33
6/13/2005,1.32
6/14/2005,1.31
6/15/2005,1.3
6/16/2005,1.31
6/17/2005,1.31
6/20/2005,1.31
6/21/2005,1.31
6/22/2005,1.34
6/23/2005,1.34
6/24/2005,1.35
6/27/2005,1.35
6/28/2005,1.33
6/29/2005,1.33
6/30/2005,1.34
7/1/2005,1.32
7/4/2005,1.32
7/5/2005,1.31
7/6/2005,1.33
7/7/2005,1.33
7/8/2005,1.32
7/11/2005,1.3
7/12/2005,1.29
7/13/2005,1.29
7/14/2005,1.27
7/15/2005,1.27
7/18/2005,1.26
7/19/2005,1.26
7/20/2005,1.26
7/21/2005,1.25
7/22/2005,1.24
7/25/2005,1.24
7/26/2005,1.23
7/27/2005,1.22
7/28/2005,1.21
7/29/2005,1.2
7/31/2005,1.22
8/1/2005,1.21
8/2/2005,1.21
8/3/2005,1.22
8/4/2005,1.22
8/5/2005,1.22
8/8/2005,1.23
8/9/2005,1.23
8/10/2005,1.23
8/11/2005,1.23
8/12/2005,1.24
8/15/2005,1.23
8/16/2005,1.23
8/17/2005,1.23
8/18/2005,1.23
8/19/2005,1.22
8/22/2005,1.22
8/23/2005,1.22
8/24/2005,1.22
8/25/2005,1.22
8/26/2005,1.22
8/29/2005,1.21
8/30/2005,1.23
8/31/2005,1.21
9/1/2005,1.22
9/2/2005,1.23
9/5/2005,1.23
9/6/2005,1.23
9/7/2005,1.23
9/8/2005,1.23
9/9/2005,1.23
9/12/2005,1.22
9/13/2005,1.22
9/14/2005,1.22
9/15/2005,1.22
9/16/2005,1.23
9/19/2005,1.23
9/20/2005,1.23
9/21/2005,1.24
9/22/2005,1.25
9/23/2005,1.25
9/26/2005,1.24
9/27/2005,1.24
9/28/2005,1.24
9/29/2005,1.24
9/30/2005,1.24
10/3/2005,1.23
10/4/2005,1.23
10/5/2005,1.23
10/6/2005,1.24
10/7/2005,1.25
10/10/2005,1.25
10/11/2005,1.25
10/12/2005,1.28
10/13/2005,1.3
10/14/2005,1.3
10/17/2005,1.26
10/18/2005,1.24
10/19/2005,1.25
10/20/2005,1.25
10/21/2005,1.24
10/24/2005,1.24
10/25/2005,1.24
10/26/2005,1.26
10/27/2005,1.27
10/28/2005,1.27
10/31/2005,1.29
11/1/2005,1.29
11/2/2005,1.29
11/3/2005,1.28
11/4/2005,1.28
11/7/2005,1.28
11/8/2005,1.29
11/9/2005,1.29
11/10/2005,1.3
11/11/2005,1.3
11/14/2005,1.31
11/15/2005,1.31
11/16/2005,1.34
11/17/2005,1.36
11/18/2005,1.35
11/21/2005,1.34
11/22/2005,1.35
11/23/2005,1.35
11/24/2005,1.35
11/25/2005,1.35
11/28/2005,1.35
11/29/2005,1.33
11/30/2005,1.36
12/1/2005,1.36
12/2/2005,1.36
12/5/2005,1.37
12/6/2005,1.38
12/7/2005,1.39
12/8/2005,1.39
12/9/2005,1.37
12/12/2005,1.37
12/13/2005,1.37
12/14/2005,1.38
12/15/2005,1.38
12/16/2005,1.38
12/19/2005,1.38
12/20/2005,1.39
12/21/2005,1.39
12/22/2005,1.39
12/23/2005,1.39
12/26/2005,1.39
12/27/2005,1.39
12/28/2005,1.39
12/29/2005,1.41
12/30/2005,1.4
12/31/2005,1.21
1/2/2006,1.21
1/3/2006,1.21
1/4/2006,1.21
1/5/2006,1.21
1/6/2006,1.21
1/9/2006,1.2
1/10/2006,1.2
1/11/2006,1.2
1/12/2006,1.2
1/13/2006,1.21
1/16/2006,1.2
1/17/2006,1.24
1/18/2006,1.2
1/19/2006,1.2
1/20/2006,1.19
1/23/2006,1.19
1/24/2006,1.19
1/25/2006,1.18
1/26/2006,1.17
1/27/2006,1.17
1/30/2006,1.17
1/31/2006,1.16
2/1/2006,1.16
2/2/2006,1.15
2/3/2006,1.16
2/6/2006,1.15
2/7/2006,1.16
2/8/2006,1.16
2/9/2006,1.15
2/10/2006,1.15
2/13/2006,1.14
2/14/2006,1.14
2/15/2006,1.14
2/16/2006,1.14
2/17/2006,1.13
2/20/2006,1.13
2/21/2006,1.13
2/22/2006,1.13
2/23/2006,1.12
2/24/2006,1.12
2/27/2006,1.12
2/28/2006,1.17
3/1/2006,1.13
3/2/2006,1.13
3/3/2006,1.13
3/6/2006,1.13
3/7/2006,1.13
3/8/2006,1.14
3/9/2006,1.14
3/10/2006,1.14
3/13/2006,1.14
3/14/2006,1.14
3/15/2006,1.13
3/16/2006,1.14
3/17/2006,1.13
3/20/2006,1.13
3/21/2006,1.13
3/22/2006,1.13
3/23/2006,1.13
3/24/2006,1.14
3/27/2006,1.14
3/28/2006,1.13
3/29/2006,1.14
3/30/2006,1.14
3/31/2006,1.16
4/3/2006,1.16
4/4/2006,1.16
4/5/2006,1.16
4/6/2006,1.16
4/7/2006,1.15
4/10/2006,1.15
4/11/2006,1.16
4/12/2006,1.15
4/13/2006,1.15
4/14/2006,1.15
4/17/2006,1.15
4/18/2006,1.16
4/19/2006,1.15
4/20/2006,1.15
4/21/2006,1.15
4/24/2006,1.14
4/25/2006,1.13
4/26/2006,1.13
4/27/2006,1.13
4/28/2006,1.13
4/30/2006,1.13
5/1/2006,1.12
5/2/2006,1.11
5/3/2006,1.11
5/4/2006,1.11
5/5/2006,1.11
5/8/2006,1.11
5/9/2006,1.11
5/10/2006,1.11
5/11/2006,1.11
5/12/2006,1.11
5/15/2006,1.11
5/16/2006,1.12
5/17/2006,1.13
5/18/2006,1.14
5/19/2006,1.14
5/22/2006,1.15
5/23/2006,1.15
5/24/2006,1.16
5/25/2006,1.16
5/26/2006,1.16
5/29/2006,1.16
5/30/2006,1.16
5/31/2006,1.19
6/1/2006,1.2
6/2/2006,1.2
6/5/2006,1.2
6/6/2006,1.22
6/7/2006,1.22
6/8/2006,1.23
6/9/2006,1.23
6/12/2006,1.23
6/13/2006,1.24
6/14/2006,1.25
6/15/2006,1.24
6/16/2006,1.24
6/19/2006,1.24
6/20/2006,1.25
6/21/2006,1.25
6/22/2006,1.26
6/23/2006,1.26
6/26/2006,1.27
6/27/2006,1.27
6/28/2006,1.27
6/29/2006,1.27
6/30/2006,1.27
7/3/2006,1.27
7/4/2006,1.27
7/5/2006,1.26
7/6/2006,1.26
7/7/2006,1.26
7/10/2006,1.26
7/11/2006,1.26
7/12/2006,1.26
7/13/2006,1.27
7/14/2006,1.28
7/17/2006,1.28
7/18/2006,1.27
7/19/2006,1.28
7/20/2006,1.27
7/21/2006,1.27
7/24/2006,1.27
7/25/2006,1.27
7/26/2006,1.27
7/27/2006,1.26
7/28/2006,1.27
7/31/2006,1.27
8/1/2006,1.27
8/2/2006,1.27
8/3/2006,1.27
8/4/2006,1.27
8/7/2006,1.27
8/8/2006,1.28
8/9/2006,1.28
8/10/2006,1.28
8/11/2006,1.28
8/14/2006,1.27
8/15/2006,1.27
8/16/2006,1.27
8/17/2006,1.27
8/18/2006,1.27
8/21/2006,1.27
8/22/2006,1.27
8/23/2006,1.27
8/24/2006,1.27
8/25/2006,1.27
8/28/2006,1.27
8/29/2006,1.27
8/30/2006,1.27
8/31/2006,1.28
9/1/2006,1.28
9/4/2006,1.28
9/5/2006,1.27
9/6/2006,1.28
9/7/2006,1.27
9/8/2006,1.27
9/11/2006,1.27
9/12/2006,1.27
9/13/2006,1.27
9/14/2006,1.27
9/15/2006,1.26
9/18/2006,1.26
9/19/2006,1.27
9/20/2006,1.27
9/21/2006,1.28
9/22/2006,1.28
9/25/2006,1.28
9/26/2006,1.28
9/27/2006,1.28
9/28/2006,1.28
9/29/2006,1.28
9/30/2006,1.29
10/2/2006,1.29
10/3/2006,1.29
10/4/2006,1.3
10/5/2006,1.29
10/6/2006,1.28
10/9/2006,1.28
10/10/2006,1.28
10/11/2006,1.28
10/12/2006,1.27
10/13/2006,1.27
10/16/2006,1.27
10/17/2006,1.27
10/18/2006,1.26
10/19/2006,1.26
10/20/2006,1.25
10/23/2006,1.25
10/24/2006,1.25
10/25/2006,1.25
10/26/2006,1.25
10/27/2006,1.25
10/30/2006,1.25
10/31/2006,1.26
11/1/2006,1.26
11/2/2006,1.25
11/3/2006,1.23
11/6/2006,1.23
11/7/2006,1.23
11/8/2006,1.23
11/9/2006,1.22
11/10/2006,1.22
11/13/2006,1.22
11/14/2006,1.22
11/15/2006,1.21
11/16/2006,1.21
11/17/2006,1.22
11/20/2006,1.21
11/21/2006,1.21
11/22/2006,1.22
11/23/2006,1.22
11/24/2006,1.22
11/27/2006,1.22
11/28/2006,1.22
11/29/2006,1.22
11/30/2006,1.23
12/1/2006,1.24
12/4/2006,1.23
12/5/2006,1.23
12/6/2006,1.22
12/7/2006,1.21
12/8/2006,1.21
12/11/2006,1.21
12/12/2006,1.22
12/13/2006,1.21
12/14/2006,1.22
12/15/2006,1.22
12/18/2006,1.22
12/19/2006,1.22
12/20/2006,1.22
12/21/2006,1.22
12/22/2006,1.21
12/25/2006,1.21
12/26/2006,1.21
12/27/2006,1.21
12/28/2006,1.2
12/29/2006,1.2
12/31/2006,1.22
1/1/2007,1.22
1/2/2007,1.22
1/3/2007,1.22
1/4/2007,1.21
1/5/2007,1.21
1/8/2007,1.21
1/9/2007,1.21
1/10/2007,1.21
1/11/2007,1.2
1/12/2007,1.2
1/15/2007,1.19
1/16/2007,1.19
1/17/2007,1.18
1/18/2007,1.18
1/19/2007,1.18
1/22/2007,1.18
1/23/2007,1.17
1/24/2007,1.16
1/25/2007,1.15
1/26/2007,1.15
1/29/2007,1.15
1/30/2007,1.15
1/31/2007,1.17
2/1/2007,1.16
2/2/2007,1.16
2/5/2007,1.15
2/6/2007,1.15
2/7/2007,1.15
2/8/2007,1.14
2/9/2007,1.14
2/12/2007,1.14
2/13/2007,1.14
2/14/2007,1.14
2/15/2007,1.13
2/16/2007,1.13
2/19/2007,1.13
2/20/2007,1.12
2/21/2007,1.12
2/22/2007,1.12
2/23/2007,1.12
2/26/2007,1.12
2/27/2007,1.15
2/28/2007,1.16
3/1/2007,1.16
3/2/2007,1.17
3/5/2007,1.19
3/6/2007,1.19
3/7/2007,1.19
3/8/2007,1.18
3/9/2007,1.17
3/12/2007,1.18
3/13/2007,1.2
3/14/2007,1.2
3/15/2007,1.2
3/16/2007,1.2
3/19/2007,1.2
3/20/2007,1.2
3/21/2007,1.21
3/22/2007,1.2
3/23/2007,1.2
3/26/2007,1.2
3/27/2007,1.2
3/28/2007,1.21
3/29/2007,1.21
3/30/2007,1.2
3/31/2007,1.22
4/2/2007,1.22
4/3/2007,1.22
4/4/2007,1.23
4/5/2007,1.23
4/6/2007,1.225
4/9/2007,1.22
4/10/2007,1.21
4/11/2007,1.21
4/12/2007,1.21
4/13/2007,1.2
4/16/2007,1.2
4/17/2007,1.2
4/18/2007,1.2
4/19/2007,1.2
4/20/2007,1.2
4/23/2007,1.2
4/24/2007,1.2
4/25/2007,1.2
4/26/2007,1.2
4/27/2007,1.2
4/30/2007,1.2
5/1/2007,1.2
5/2/2007,1.2
5/3/2007,1.2
5/4/2007,1.2
5/7/2007,1.19
5/8/2007,1.19
5/9/2007,1.19
5/10/2007,1.19
5/11/2007,1.19
5/14/2007,1.18
5/15/2007,1.17
5/16/2007,1.17
5/17/2007,1.17
5/18/2007,1.17
5/21/2007,1.17
5/22/2007,1.16
5/23/2007,1.16
5/24/2007,1.16
5/25/2007,1.16
5/28/2007,1.16
5/29/2007,1.16
5/30/2007,1.17
5/31/2007,1.2
6/1/2007,1.19
6/4/2007,1.19
6/5/2007,1.19
6/6/2007,1.2
6/7/2007,1.21
6/8/2007,1.22
6/11/2007,1.22
6/12/2007,1.22
6/13/2007,1.22
6/14/2007,1.21
6/15/2007,1.21
6/18/2007,1.21
6/19/2007,1.21
6/20/2007,1.21
6/21/2007,1.22
6/22/2007,1.23
6/25/2007,1.24
6/26/2007,1.24
6/27/2007,1.25
6/28/2007,1.25
6/29/2007,1.26
6/30/2007,1.27
7/2/2007,1.27
7/3/2007,1.27
7/4/2007,1.27
7/5/2007,1.27
7/6/2007,1.26
7/9/2007,1.26
7/10/2007,1.28
7/11/2007,1.29
7/12/2007,1.29
7/13/2007,1.29
7/16/2007,1.29
7/17/2007,1.29
7/18/2007,1.31
7/19/2007,1.32
7/20/2007,1.35
7/23/2007,1.36
7/24/2007,1.38
7/25/2007,1.41
7/26/2007,1.56
7/27/2007,1.61
7/30/2007,1.61
7/31/2007,1.62
8/1/2007,1.62
8/2/2007,1.61
8/3/2007,1.62
8/6/2007,1.63
8/7/2007,1.63
8/8/2007,1.61
8/9/2007,1.6
8/10/2007,1.62
8/13/2007,1.62
8/14/2007,1.63
8/15/2007,1.68
8/16/2007,1.76
8/17/2007,1.77
8/20/2007,1.78
8/21/2007,1.79
8/22/2007,1.79
8/23/2007,1.76
8/24/2007,1.75
8/27/2007,1.76
8/28/2007,1.79
8/29/2007,1.8
8/30/2007,1.81
8/31/2007,1.74
9/3/2007,1.74
9/4/2007,1.77
9/5/2007,1.78
9/6/2007,1.79
9/7/2007,1.83
9/10/2007,1.85
9/11/2007,1.86
9/12/2007,1.86
9/13/2007,1.86
9/14/2007,1.86
9/17/2007,1.85
9/18/2007,1.86
9/19/2007,1.83
9/20/2007,1.8
9/21/2007,1.78
9/24/2007,1.77
9/25/2007,1.78
9/26/2007,1.77
9/27/2007,1.77
9/28/2007,1.77
9/30/2007,1.78
10/1/2007,1.78
10/2/2007,1.79
10/3/2007,1.78
10/4/2007,1.77
10/5/2007,1.76
10/8/2007,1.75
10/9/2007,1.74
10/10/2007,1.72
10/11/2007,1.7
10/12/2007,1.68
10/15/2007,1.67
10/16/2007,1.68
10/17/2007,1.7
10/18/2007,1.72
10/19/2007,1.74
10/22/2007,1.75
10/23/2007,1.75
10/24/2007,1.77
10/25/2007,1.78
10/26/2007,1.78
10/29/2007,1.77
10/30/2007,1.78
10/31/2007,1.83
11/1/2007,1.86
11/2/2007,1.9
11/5/2007,1.91
11/6/2007,1.91
11/7/2007,1.94
11/8/2007,1.98
11/9/2007,2.01
11/12/2007,2.01
11/13/2007,2.04
11/14/2007,2.05
11/15/2007,2.08
11/16/2007,2.12
11/19/2007,2.17
11/20/2007,2.19
11/21/2007,2.24
11/22/2007,2.24
11/23/2007,2.23
11/26/2007,2.27
11/27/2007,2.3
11/28/2007,2.32
11/29/2007,2.35
11/30/2007,2.34
12/3/2007,2.35
12/4/2007,2.38
12/5/2007,2.41
12/6/2007,2.44
12/7/2007,2.43
12/10/2007,2.43
12/11/2007,2.45
12/12/2007,2.44
12/13/2007,2.44
12/14/2007,2.44
12/17/2007,2.43
12/18/2007,2.43
12/19/2007,2.43
12/20/2007,2.44
12/21/2007,2.43
12/24/2007,2.42
12/25/2007,2.42
12/26/2007,2.42
12/27/2007,2.42
12/28/2007,2.43
12/31/2007,2.45
1/1/2008,2.46
1/2/2008,2.47
1/3/2008,2.49
1/4/2008,2.52
1/7/2008,2.56
1/8/2008,2.58
1/9/2008,2.64
1/10/2008,2.62
1/11/2008,2.57
1/14/2008,2.58
1/15/2008,2.59
1/16/2008,2.6
1/17/2008,2.64
1/18/2008,2.66
1/21/2008,2.66
1/22/2008,2.75
1/23/2008,2.79
1/24/2008,2.77
1/25/2008,2.75
1/28/2008,2.76
1/29/2008,2.75
1/30/2008,2.75
1/31/2008,2.77
2/1/2008,2.78
2/4/2008,2.78
2/5/2008,2.79
2/6/2008,2.8
2/7/2008,2.82
2/8/2008,2.83
2/11/2008,2.86
2/12/2008,2.87
2/13/2008,2.88
2/14/2008,2.89
2/15/2008,2.9
2/18/2008,2.9
2/19/2008,2.9
2/20/2008,2.91
2/21/2008,2.93
2/22/2008,2.95
2/25/2008,2.95
2/26/2008,2.96
2/27/2008,2.96
2/28/2008,3.02
2/29/2008,3.07
3/3/2008,3.1
3/4/2008,3.15
3/5/2008,3.18
3/6/2008,3.25
3/7/2008,3.28
3/10/2008,3.32
3/11/2008,3.35
3/12/2008,3.38
3/13/2008,3.43
3/14/2008,3.45
3/17/2008,3.52
3/18/2008,3.52
3/19/2008,3.54
3/20/2008,3.54
3/21/2008,3.525
3/24/2008,3.51
3/25/2008,3.49
3/26/2008,3.49
3/27/2008,3.49
3/28/2008,3.49
3/31/2008,3.48
4/1/2008,3.46
4/2/2008,3.4
4/3/2008,3.39
4/4/2008,3.37
4/7/2008,3.31
4/8/2008,3.3
4/9/2008,3.32
4/10/2008,3.32
4/11/2008,3.33
4/14/2008,3.33
4/15/2008,3.33
4/16/2008,3.31
4/17/2008,3.29
4/18/2008,3.24
4/21/2008,3.22
4/22/2008,3.18
4/23/2008,3.17
4/24/2008,3.14
4/25/2008,3.13
4/28/2008,3.08
4/29/2008,3.07
4/30/2008,3.03
5/1/2008,2.99
5/2/2008,2.95
5/5/2008,2.95
5/6/2008,2.96
5/7/2008,2.95
5/8/2008,2.97
5/9/2008,2.97
5/12/2008,2.97
5/13/2008,2.95
5/14/2008,2.93
5/15/2008,2.93
5/16/2008,2.91
5/19/2008,2.91
5/20/2008,2.92
5/21/2008,2.92
5/22/2008,2.92
5/23/2008,2.94
5/26/2008,2.94
5/27/2008,2.94
5/28/2008,2.92
5/29/2008,2.9
5/30/2008,2.9
5/31/2008,2.83
6/2/2008,2.84
6/3/2008,2.85
6/4/2008,2.86
6/5/2008,2.84
6/6/2008,2.85
6/9/2008,2.83
6/10/2008,2.83
6/11/2008,2.84
6/12/2008,2.83
6/13/2008,2.83
6/16/2008,2.82
6/17/2008,2.82
6/18/2008,2.84
6/19/2008,2.84
6/20/2008,2.86
6/23/2008,2.87
6/24/2008,2.89
6/25/2008,2.9
6/26/2008,2.97
6/27/2008,3.015
6/30/2008,3.06
7/1/2008,3.09
7/2/2008,3.09
7/3/2008,3.11
7/4/2008,3.11
7/7/2008,3.12
7/8/2008,3.15
7/9/2008,3.17
7/10/2008,3.18
7/11/2008,3.19
7/14/2008,3.2
7/15/2008,3.24
7/16/2008,3.25
7/17/2008,3.26
7/18/2008,3.25
7/21/2008,3.24
7/22/2008,3.26
7/23/2008,3.25
7/24/2008,3.27
7/25/2008,3.28
7/28/2008,3.3
7/29/2008,3.29
7/30/2008,3.3
7/31/2008,3.31
8/1/2008,3.32
8/4/2008,3.32
8/5/2008,3.33
8/6/2008,3.33
8/7/2008,3.35
8/8/2008,3.35
8/11/2008,3.35
8/12/2008,3.36
8/13/2008,3.35
8/14/2008,3.36
8/15/2008,3.37
8/18/2008,3.38
8/19/2008,3.39
8/20/2008,3.42
8/21/2008,3.42
8/22/2008,3.43
8/25/2008,3.45
8/26/2008,3.46
8/27/2008,3.46
8/28/2008,3.47
8/29/2008,3.48
8/31/2008,3.47
9/1/2008,3.47
9/2/2008,3.49
9/3/2008,3.5
9/4/2008,3.52
9/5/2008,3.53
9/8/2008,3.53
9/9/2008,3.56
9/10/2008,3.59
9/11/2008,3.64
9/12/2008,3.66
9/15/2008,3.8
9/16/2008,3.91
9/17/2008,4.03
9/18/2008,4.1
9/19/2008,4.02
9/22/2008,4.02
9/23/2008,4.05
9/24/2008,4.13
9/25/2008,4.23
9/26/2008,4.29
9/29/2008,4.4
9/30/2008,4.56
10/1/2008,4.64
10/2/2008,4.84
10/3/2008,4.91
10/6/2008,5.06
10/7/2008,5.15
10/8/2008,5.25
10/9/2008,5.37
10/10/2008,5.81
10/13/2008,5.82
10/14/2008,5.86
10/15/2008,5.97
10/16/2008,6.17
10/17/2008,6.4
10/20/2008,6.46
10/21/2008,6.55
10/22/2008,6.57
10/23/2008,6.61
10/24/2008,6.77
10/27/2008,6.86
10/28/2008,6.93
10/29/2008,6.99
10/30/2008,6.985
10/31/2008,6.98
11/3/2008,6.99
11/4/2008,6.99
11/5/2008,6.91
11/6/2008,6.89
11/7/2008,6.87
11/10/2008,6.86
11/11/2008,6.86
11/12/2008,6.86
11/13/2008,6.92
11/14/2008,6.92
11/17/2008,6.97
11/18/2008,7.07
11/19/2008,7.14
11/20/2008,7.3
11/21/2008,7.44
11/24/2008,7.54
11/25/2008,7.58
11/26/2008,7.59
11/27/2008,7.59
11/28/2008,7.62
11/30/2008,7.68
12/1/2008,7.72
12/2/2008,7.81
12/3/2008,7.88
12/4/2008,7.9
12/5/2008,7.94
12/8/2008,7.94
12/9/2008,7.97
12/10/2008,7.98
12/11/2008,7.995
12/12/2008,8.01
12/15/2008,8.02
12/16/2008,8.04
12/17/2008,7.98
12/18/2008,7.92
12/19/2008,7.86
12/22/2008,7.84
12/23/2008,7.81
12/24/2008,7.78
12/25/2008,7.78
12/26/2008,7.78
12/29/2008,7.77
12/30/2008,7.69
12/31/2008,7.84
1/1/2009,7.83
1/2/2009,7.82
1/5/2009,7.73
1/6/2009,7.54
1/7/2009,7.42
1/8/2009,7.34
1/9/2009,7.28
1/12/2009,7.22
1/13/2009,7.21
1/14/2009,7.17
1/15/2009,7.18
1/16/2009,7.13
1/19/2009,7.13
1/20/2009,7.11
1/21/2009,7.08
1/22/2009,7.07
1/23/2009,7.05
1/26/2009,6.99
1/27/2009,6.93
1/28/2009,6.85
1/29/2009,6.77
1/30/2009,6.71
1/31/2009,6.79
2/2/2009,6.78
2/3/2009,6.77
2/4/2009,6.73
2/5/2009,6.7
2/6/2009,6.67
2/9/2009,6.62
2/10/2009,6.6
2/11/2009,6.58
2/12/2009,6.62
2/13/2009,6.63
2/16/2009,6.62
2/17/2009,6.65
2/18/2009,6.69
2/19/2009,6.69
2/20/2009,6.73
2/23/2009,6.75
2/24/2009,6.83
2/25/2009,6.83
2/26/2009,6.88
2/27/2009,6.93
2/28/2009,6.87
3/2/2009,6.94
3/3/2009,6.98
3/4/2009,7.02
3/5/2009,7.06
3/6/2009,7.11
3/9/2009,7.16
3/10/2009,7.19
3/11/2009,7.2
3/12/2009,7.23
3/13/2009,7.24
3/16/2009,7.22
3/17/2009,7.22
3/18/2009,7.26
3/19/2009,7.28
3/20/2009,7.29
3/23/2009,7.3
3/24/2009,7.28
3/25/2009,7.27
3/26/2009,7.25
3/27/2009,7.23
3/30/2009,7.24
3/31/2009,7.31
4/1/2009,7.32
4/2/2009,7.28
4/3/2009,7.25
4/6/2009,7.21
4/7/2009,7.18
4/8/2009,7.13
4/9/2009,7.05
4/10/2009,7.025
4/13/2009,6.95
4/14/2009,6.95
4/15/2009,6.89
4/16/2009,6.81
4/17/2009,6.7
4/20/2009,6.66
4/21/2009,6.64
4/22/2009,6.59
4/23/2009,6.59
4/24/2009,6.55
4/27/2009,6.53
4/28/2009,6.47
4/29/2009,6.37
4/30/2009,6.29
5/1/2009,6.19
5/4/2009,6.15
5/5/2009,6.06
5/6/2009,5.97
5/7/2009,5.83
5/8/2009,5.73
5/11/2009,5.74
5/12/2009,5.72
5/13/2009,5.73
5/14/2009,5.75
5/15/2009,5.73
5/18/2009,5.72
5/19/2009,5.65
5/20/2009,5.58
5/21/2009,5.53
5/22/2009,5.48
5/25/2009,5.48
5/26/2009,5.42
5/27/2009,5.33
5/28/2009,5.24
5/29/2009,5.14
5/31/2009,5.1
6/1/2009,5.05
6/2/2009,4.9
6/3/2009,4.82
6/4/2009,4.77
6/5/2009,4.69
6/8/2009,4.64
6/9/2009,4.62
6/10/2009,4.53
6/11/2009,4.47
6/12/2009,4.44
6/15/2009,4.41
6/16/2009,4.39
6/17/2009,4.4
6/18/2009,4.37
6/19/2009,4.34
6/22/2009,4.36
6/23/2009,4.35
6/24/2009,4.36
6/25/2009,4.36
6/26/2009,4.38
6/29/2009,4.38
6/30/2009,4.33
7/1/2009,4.33
7/2/2009,4.33
7/3/2009,4.33
7/6/2009,4.34
7/7/2009,4.33
7/8/2009,4.34
7/9/2009,4.34
7/10/2009,4.35
7/13/2009,4.34
7/14/2009,4.3
7/15/2009,4.24
7/16/2009,4.21
7/17/2009,4.17
7/20/2009,4.15
7/21/2009,4.12
7/22/2009,4.08
7/23/2009,4.02
7/24/2009,3.97
7/27/2009,3.92
7/28/2009,3.87
7/29/2009,3.79
7/30/2009,3.69
7/31/2009,3.65
8/3/2009,3.6
8/4/2009,3.54
8/5/2009,3.49
8/6/2009,3.43
8/7/2009,3.38
8/10/2009,3.36
8/11/2009,3.37
8/12/2009,3.38
8/13/2009,3.37
8/14/2009,3.38
8/17/2009,3.41
8/18/2009,3.43
8/19/2009,3.45
8/20/2009,3.44
8/21/2009,3.43
8/24/2009,3.41
8/25/2009,3.39
8/26/2009,3.38
8/27/2009,3.36
8/28/2009,3.34
8/31/2009,3.34
9/1/2009,3.35
9/2/2009,3.36
9/3/2009,3.36
9/4/2009,3.35
9/7/2009,3.35
9/8/2009,3.33
9/9/2009,3.32
9/10/2009,3.28
9/11/2009,3.25
9/14/2009,3.23
9/15/2009,3.18
9/16/2009,3.14
9/17/2009,3.12
9/18/2009,3.08
9/21/2009,3.07
9/22/2009,3.05
9/23/2009,3.04
9/24/2009,3.04
9/25/2009,3.04
9/28/2009,3.05
9/29/2009,3.05
9/30/2009,3.06
10/1/2009,3.09
10/2/2009,3.11
10/5/2009,3.1
10/6/2009,3.07
10/7/2009,3.06
10/8/2009,3.05
10/9/2009,3.02
10/12/2009,3.02
10/13/2009,3.02
10/14/2009,3.01
10/15/2009,2.99
10/16/2009,2.98
10/19/2009,2.97
10/20/2009,2.97
10/21/2009,2.94
10/22/2009,2.92
10/23/2009,2.9
10/26/2009,2.88
10/27/2009,2.88
10/28/2009,2.89
10/29/2009,2.88
10/30/2009,2.89
10/31/2009,2.88
11/2/2009,2.89
11/3/2009,2.89
11/4/2009,2.88
11/5/2009,2.88
11/6/2009,2.88
11/9/2009,2.87
11/10/2009,2.85
11/11/2009,2.85
11/12/2009,2.86
11/13/2009,2.85
11/16/2009,2.84
11/17/2009,2.83
11/18/2009,2.83
11/19/2009,2.82
11/20/2009,2.81
11/23/2009,2.81
11/24/2009,2.82
11/25/2009,2.82
11/26/2009,2.82
11/27/2009,2.84
11/30/2009,2.88
12/1/2009,2.88
12/2/2009,2.86
12/3/2009,2.84
12/4/2009,2.81
12/7/2009,2.79
12/8/2009,2.78
12/9/2009,2.77
12/10/2009,2.74
12/11/2009,2.72
12/14/2009,2.67
12/15/2009,2.64
12/16/2009,2.62
12/17/2009,2.6
12/18/2009,2.58
12/21/2009,2.57
12/22/2009,2.56
12/23/2009,2.55
12/24/2009,2.53
12/25/2009,2.525
12/28/2009,2.52
12/29/2009,2.5
12/30/2009,2.49
12/31/2009,2.48
1/1/2010,2.47
1/4/2010,2.46
1/5/2010,2.42
1/6/2010,2.38
1/7/2010,2.34
1/8/2010,2.31
1/11/2010,2.29
1/12/2010,2.29
1/13/2010,2.28
1/14/2010,2.27
1/15/2010,2.28
1/18/2010,2.28
1/19/2010,2.29
1/20/2010,2.29
1/21/2010,2.3
1/22/2010,2.32
1/25/2010,2.34
1/26/2010,2.35
1/27/2010,2.35
1/28/2010,2.35
1/29/2010,2.35
1/31/2010,2.3
2/1/2010,2.32
2/2/2010,2.31
2/3/2010,2.3
2/4/2010,2.33
2/5/2010,2.36
2/8/2010,2.38
2/9/2010,2.39
2/10/2010,2.39
2/11/2010,2.38
2/12/2010,2.38
2/15/2010,2.37
2/16/2010,2.38
2/17/2010,2.37
2/18/2010,2.34
2/19/2010,2.33
2/22/2010,2.31
2/23/2010,2.3
2/24/2010,2.3
2/25/2010,2.31
2/26/2010,2.31
2/28/2010,2.33
3/1/2010,2.35
3/2/2010,2.31
3/3/2010,2.31
3/4/2010,2.3
3/5/2010,2.27
3/8/2010,2.24
3/9/2010,2.23
3/10/2010,2.21
3/11/2010,2.2
3/12/2010,2.19
3/15/2010,2.18
3/16/2010,2.18
3/17/2010,2.16
3/18/2010,2.15
3/19/2010,2.14
3/22/2010,2.13
3/23/2010,2.13
3/24/2010,2.11
3/25/2010,2.09
3/26/2010,2.08
3/29/2010,2.08
3/30/2010,2.07
3/31/2010,2.05
4/1/2010,2.04
4/2/2010,2.03
4/5/2010,2.02
4/6/2010,2.01
4/7/2010,2.01
4/8/2010,2
4/9/2010,1.99
4/12/2010,1.99
4/13/2010,1.99
4/14/2010,1.97
4/15/2010,1.95
4/16/2010,1.95
4/19/2010,1.94
4/20/2010,1.93
4/21/2010,1.93
4/22/2010,1.92
4/23/2010,1.91
4/26/2010,1.91
4/27/2010,1.94
4/28/2010,1.94
4/29/2010,1.95
4/30/2010,1.97
5/3/2010,1.98
5/4/2010,2.015
5/5/2010,2.05
5/6/2010,2.16
5/7/2010,2.25
5/10/2010,2.2
5/11/2010,2.22
5/12/2010,2.2
5/13/2010,2.18
5/14/2010,2.21
5/17/2010,2.21
5/18/2010,2.23
5/19/2010,2.3
5/20/2010,2.4
5/21/2010,2.44
5/24/2010,2.46
5/25/2010,2.53
5/26/2010,2.52
5/27/2010,2.5
5/28/2010,2.5
5/31/2010,2.51
6/1/2010,2.53
6/2/2010,2.56
6/3/2010,2.53
6/4/2010,2.56
6/7/2010,2.58
6/8/2010,2.62
6/9/2010,2.62
6/10/2010,2.62
6/11/2010,2.63
6/14/2010,2.61
6/15/2010,2.61
6/16/2010,2.6
6/17/2010,2.59
6/18/2010,2.58
6/21/2010,2.54
6/22/2010,2.55
6/23/2010,2.56
6/24/2010,2.57
6/25/2010,2.58
6/28/2010,2.59
6/29/2010,2.6
6/30/2010,2.63
7/1/2010,2.64
7/2/2010,2.64
7/5/2010,2.64
7/6/2010,2.63
7/7/2010,2.63
7/8/2010,2.62
7/9/2010,2.6
7/12/2010,2.58
7/13/2010,2.55
7/14/2010,2.54
7/15/2010,2.54
7/16/2010,2.54
7/19/2010,2.54
7/20/2010,2.54
7/21/2010,2.52
7/22/2010,2.51
7/23/2010,2.48
7/26/2010,2.45
7/27/2010,2.41
7/28/2010,2.4
7/29/2010,2.39
7/30/2010,2.41
7/31/2010,2.41
8/2/2010,2.4
8/3/2010,2.4
8/4/2010,2.38
8/5/2010,2.38
8/6/2010,2.38
8/9/2010,2.37
8/10/2010,2.39
8/11/2010,2.41
8/12/2010,2.43
8/13/2010,2.42
8/16/2010,2.43
8/17/2010,2.42
8/18/2010,2.41
8/19/2010,2.41
8/20/2010,2.4
8/23/2010,2.41
8/24/2010,2.42
8/25/2010,2.44
8/26/2010,2.46
8/27/2010,2.45
8/30/2010,2.46
8/31/2010,2.49
9/1/2010,2.48
9/2/2010,2.46
9/3/2010,2.44
9/6/2010,2.44
9/7/2010,2.44
9/8/2010,2.43
9/9/2010,2.41
9/10/2010,2.39
9/13/2010,2.37
9/14/2010,2.37
9/15/2010,2.36
9/16/2010,2.35
9/17/2010,2.35
9/20/2010,2.35
9/21/2010,2.35
9/22/2010,2.36
9/23/2010,2.36
9/24/2010,2.35
9/27/2010,2.35
9/28/2010,2.36
9/29/2010,2.36
9/30/2010,2.37
10/1/2010,2.36
10/4/2010,2.37
10/5/2010,2.36
10/6/2010,2.35
10/7/2010,2.34
10/8/2010,2.33
10/11/2010,2.33
10/12/2010,2.32
10/13/2010,2.31
10/14/2010,2.3
10/15/2010,2.3
10/18/2010,2.31
10/19/2010,2.31
10/20/2010,2.32
10/21/2010,2.3
10/22/2010,2.29
10/25/2010,2.27
10/26/2010,2.26
10/27/2010,2.24
10/28/2010,2.25
10/29/2010,2.25
10/31/2010,2.26
11/1/2010,2.28
11/2/2010,2.26
11/3/2010,2.26
11/4/2010,2.25
11/5/2010,2.23
11/8/2010,2.23
11/9/2010,2.22
11/10/2010,2.23
11/11/2010,2.23
11/12/2010,2.24
11/15/2010,2.24
11/16/2010,2.24
11/17/2010,2.25
11/18/2010,2.23
11/19/2010,2.22
11/22/2010,2.23
11/23/2010,2.26
11/24/2010,2.24
11/25/2010,2.24
11/26/2010,2.24
11/29/2010,2.27
11/30/2010,2.28
12/1/2010,2.27
12/2/2010,2.25
12/3/2010,2.25
12/6/2010,2.24
12/7/2010,2.21
12/8/2010,2.18
12/9/2010,2.16
12/10/2010,2.14
12/13/2010,2.15
12/14/2010,2.12
12/15/2010,2.11
12/16/2010,2.12
12/17/2010,2.12
12/20/2010,2.12
12/21/2010,2.13
12/22/2010,2.12
12/23/2010,2.1
12/24/2010,2.1
12/27/2010,2.11
12/28/2010,2.09
12/29/2010,2.11
12/30/2010,2.09
12/31/2010,2.11
1/3/2011,2.11
1/4/2011,2.1
1/5/2011,2.07
1/6/2011,2.06
1/7/2011,2.06
1/10/2011,2.08
1/11/2011,2.07
1/12/2011,2.06
1/13/2011,2.06
1/14/2011,2.05
1/17/2011,2.05
1/18/2011,2.04
1/19/2011,2.04
1/20/2011,2.03
1/21/2011,2.02
1/24/2011,2.01
1/25/2011,2.02
1/26/2011,2.02
1/27/2011,2.01
1/28/2011,2.02
1/31/2011,2.04
2/1/2011,2.03
2/2/2011,2.01
2/3/2011,1.99
2/4/2011,1.96
2/7/2011,1.94
2/8/2011,1.92
2/9/2011,1.92
2/10/2011,1.91
2/11/2011,1.91
2/14/2011,1.91
2/15/2011,1.9
2/16/2011,1.9
2/17/2011,1.9
2/18/2011,1.89
2/21/2011,1.89
2/22/2011,1.91
2/23/2011,1.92
2/24/2011,1.94
2/25/2011,1.93
2/28/2011,1.94
3/1/2011,1.94
3/2/2011,1.93
3/3/2011,1.9
3/4/2011,1.9
3/7/2011,1.9
3/8/2011,1.89
3/9/2011,1.89
3/10/2011,1.92
3/11/2011,1.92
3/14/2011,1.93
3/15/2011,1.97
3/16/2011,1.99
3/17/2011,1.99
3/18/2011,1.97
3/21/2011,1.95
3/22/2011,1.94
3/23/2011,1.94
3/24/2011,1.92
3/25/2011,1.9
3/28/2011,1.89
3/29/2011,1.89
3/30/2011,1.9
3/31/2011,1.89
4/1/2011,1.88
4/4/2011,1.89
4/5/2011,1.86
4/6/2011,1.85
4/7/2011,1.85
4/8/2011,1.84
4/11/2011,1.83
4/12/2011,1.85
4/13/2011,1.85
4/14/2011,1.85
4/15/2011,1.86
4/18/2011,1.87
4/19/2011,1.87
4/20/2011,1.86
4/21/2011,1.85
4/22/2011,1.85
4/25/2011,1.85
4/26/2011,1.85
4/27/2011,1.85
4/28/2011,1.86
4/29/2011,1.85
4/30/2011,1.86
5/2/2011,1.87
5/3/2011,1.87
5/4/2011,1.87
5/5/2011,1.88
5/6/2011,1.89
5/9/2011,1.89
5/10/2011,1.88
5/11/2011,1.89
5/12/2011,1.89
5/13/2011,1.89
5/16/2011,1.89
5/17/2011,1.9
5/18/2011,1.89
5/19/2011,1.89
5/20/2011,1.89
5/23/2011,1.9
5/24/2011,1.9
5/25/2011,1.92
5/26/2011,1.94
5/27/2011,1.95
5/30/2011,1.94
5/31/2011,1.96
6/1/2011,1.97
6/2/2011,1.99
6/3/2011,1.995
6/6/2011,2
6/7/2011,2.01
6/8/2011,2.02
6/9/2011,2.02
6/10/2011,2.02
6/13/2011,2.03
6/14/2011,2.01
6/15/2011,2.04
6/16/2011,2.06
6/17/2011,2.06
6/20/2011,2.06
6/21/2011,2.06
6/22/2011,2.06
6/23/2011,2.09
6/24/2011,2.11
6/27/2011,2.12
6/28/2011,2.09
6/29/2011,2.07
6/30/2011,2.03
7/1/2011,2.015
7/4/2011,2.005
7/5/2011,2.01
7/6/2011,2.02
7/7/2011,2.02
7/8/2011,2.02
7/11/2011,2.04
7/12/2011,2.05
7/13/2011,2.05
7/14/2011,2.04
7/15/2011,2.06
7/18/2011,2.07
7/19/2011,2.07
7/20/2011,2.06
7/21/2011,2.05
7/22/2011,2.04
7/25/2011,2.04
7/26/2011,2.04
7/27/2011,2.03
7/28/2011,2.02
7/29/2011,2.03
7/31/2011,2.04
8/1/2011,2.04
8/2/2011,2.06
8/3/2011,2.06
8/4/2011,2.12
8/5/2011,2.13
8/8/2011,2.29
8/9/2011,2.36
8/10/2011,2.41
8/11/2011,2.49
8/12/2011,2.48
8/15/2011,2.47
8/16/2011,2.48
8/17/2011,2.48
8/18/2011,2.53
8/19/2011,2.56
8/22/2011,2.57
8/23/2011,2.62
8/24/2011,2.65
8/25/2011,2.66
8/26/2011,2.68
8/29/2011,2.69
8/30/2011,2.68
8/31/2011,2.66
9/1/2011,2.65
9/2/2011,2.65
9/5/2011,2.65
9/6/2011,2.69
9/7/2011,2.68
9/8/2011,2.68
9/9/2011,2.72
9/12/2011,2.76
9/13/2011,2.78
9/14/2011,2.79
9/15/2011,2.79
9/16/2011,2.79
9/19/2011,2.83
9/20/2011,2.83
9/21/2011,2.85
9/22/2011,2.95
9/23/2011,3.05
9/26/2011,3.06
9/27/2011,3.05
9/28/2011,3.05
9/29/2011,3.06
9/30/2011,3.1
10/3/2011,3.16
10/4/2011,3.26
10/5/2011,3.26
10/6/2011,3.22
10/7/2011,3.19
10/10/2011,3.19
10/11/2011,3.14
10/12/2011,3.07
10/13/2011,3.05
10/14/2011,3.02
10/17/2011,2.99
10/18/2011,2.98
10/19/2011,2.93
10/20/2011,2.91
10/21/2011,2.88
10/24/2011,2.85
10/25/2011,2.83
10/26/2011,2.81
10/27/2011,2.69
10/28/2011,2.68
10/31/2011,2.73
11/1/2011,2.81
11/2/2011,2.8
11/3/2011,2.8
11/4/2011,2.79
11/7/2011,2.8
11/8/2011,2.8
11/9/2011,2.87
11/10/2011,2.88
11/11/2011,2.88
11/14/2011,2.9
11/15/2011,2.93
11/16/2011,2.95
11/17/2011,2.99
11/18/2011,2.99
11/21/2011,3.04
11/22/2011,3.08
11/23/2011,3.11
11/24/2011,3.11
11/25/2011,3.12
11/28/2011,3.12
11/29/2011,3.13
11/30/2011,3.14
12/1/2011,3.13
12/2/2011,3.1
12/5/2011,3.06
12/6/2011,3.05
12/7/2011,3.06
12/8/2011,3.08
12/9/2011,3.09
12/12/2011,3.1
12/13/2011,3.1
12/14/2011,3.11
12/15/2011,3.11
12/16/2011,3.11
12/19/2011,3.11
12/20/2011,3.11
12/21/2011,3.1
12/22/2011,3.09
12/23/2011,3.08
12/26/2011,3.08
12/27/2011,3.08
12/28/2011,3.08
12/29/2011,3.07
12/30/2011,3.07
12/31/2011,3.15
1/2/2012,3.13
1/3/2012,3.11
1/4/2012,3.1
1/5/2012,3.09
1/6/2012,3.08
1/9/2012,3.08
1/10/2012,3.06
1/11/2012,3.07
1/12/2012,3.05
1/13/2012,3.05
1/16/2012,3.05
1/17/2012,3.04
1/18/2012,3.02
1/19/2012,2.99
1/20/2012,2.96
1/23/2012,2.93
1/24/2012,2.91
1/25/2012,2.91
1/26/2012,2.88
1/27/2012,2.86
1/30/2012,2.87
1/31/2012,2.87
2/1/2012,2.85
2/2/2012,2.83
2/3/2012,2.79
2/6/2012,2.77
2/7/2012,2.75
2/8/2012,2.73
2/9/2012,2.7
2/10/2012,2.71
2/13/2012,2.7
2/14/2012,2.69
2/15/2012,2.69
2/16/2012,2.69
2/17/2012,2.67
2/20/2012,2.67
2/21/2012,2.65
2/22/2012,2.64
2/23/2012,2.63
2/24/2012,2.61
2/27/2012,2.61
2/28/2012,2.59
2/29/2012,2.55
3/1/2012,2.53
3/2/2012,2.52
3/5/2012,2.51
3/6/2012,2.55
3/7/2012,2.55
3/8/2012,2.53
3/9/2012,2.52
3/12/2012,2.51
3/13/2012,2.49
3/14/2012,2.44
3/15/2012,2.44
3/16/2012,2.42
3/19/2012,2.4
3/20/2012,2.39
3/21/2012,2.39
3/22/2012,2.4
3/23/2012,2.41
3/26/2012,2.41
3/27/2012,2.41
3/28/2012,2.41
3/29/2012,2.42
3/30/2012,2.42
3/31/2012,2.43
4/2/2012,2.44
4/3/2012,2.43
4/4/2012,2.45
4/5/2012,2.47
4/6/2012,2.485
4/9/2012,2.5
4/10/2012,2.53
4/11/2012,2.55
4/12/2012,2.54
4/13/2012,2.54
4/16/2012,2.54
4/17/2012,2.53
4/18/2012,2.53
4/19/2012,2.54
4/20/2012,2.54
4/23/2012,2.55
4/24/2012,2.55
4/25/2012,2.54
4/26/2012,2.54
4/27/2012,2.54
4/30/2012,2.55
5/1/2012,2.53
5/2/2012,2.53
5/3/2012,2.51
5/4/2012,2.52
5/7/2012,2.53
5/8/2012,2.54
5/9/2012,2.55
5/10/2012,2.55
5/11/2012,2.56
5/14/2012,2.6
5/15/2012,2.61
5/16/2012,2.65
5/17/2012,2.71
5/18/2012,2.76
5/21/2012,2.78
5/22/2012,2.76
5/23/2012,2.79
5/24/2012,2.79
5/25/2012,2.79
5/28/2012,2.78
5/29/2012,2.78
5/30/2012,2.82
5/31/2012,2.85
6/1/2012,2.89
6/4/2012,2.9
6/5/2012,2.9
6/6/2012,2.86
6/7/2012,2.83
6/8/2012,2.83
6/11/2012,2.82
6/12/2012,2.83
6/13/2012,2.83
6/14/2012,2.82
6/15/2012,2.81
6/18/2012,2.81
6/19/2012,2.78
6/20/2012,2.76
6/21/2012,2.75
6/22/2012,2.74
6/25/2012,2.75
6/26/2012,2.75
6/27/2012,2.76
6/28/2012,2.77
6/29/2012,2.73
6/30/2012,2.75
7/2/2012,2.74
7/3/2012,2.72
7/4/2012,2.72
7/5/2012,2.72
7/6/2012,2.71
7/9/2012,2.71
7/10/2012,2.7
7/11/2012,2.69
7/12/2012,2.69
7/13/2012,2.67
7/16/2012,2.65
7/17/2012,2.63
7/18/2012,2.61
7/19/2012,2.59
7/20/2012,2.59
7/23/2012,2.61
7/24/2012,2.63
7/25/2012,2.63
7/26/2012,2.61
7/27/2012,2.56
7/30/2012,2.54
7/31/2012,2.55
8/1/2012,2.53
8/2/2012,2.54
8/3/2012,2.52
8/6/2012,2.5
8/7/2012,2.48
8/8/2012,2.47
8/9/2012,2.46
8/10/2012,2.46
8/13/2012,2.47
8/14/2012,2.44
8/15/2012,2.44
8/16/2012,2.43
8/17/2012,2.43
8/20/2012,2.43
8/21/2012,2.42
8/22/2012,2.43
8/23/2012,2.43
8/24/2012,2.43
8/27/2012,2.43
8/28/2012,2.43
8/29/2012,2.43
8/30/2012,2.44
8/31/2012,2.45
9/3/2012,2.45
9/4/2012,2.44
9/5/2012,2.44
9/6/2012,2.42
9/7/2012,2.4
9/10/2012,2.38
9/11/2012,2.37
9/12/2012,2.35
9/13/2012,2.34
9/14/2012,2.26
9/17/2012,2.24
9/18/2012,2.24
9/19/2012,2.23
9/20/2012,2.23
9/21/2012,2.23
9/24/2012,2.23
9/25/2012,2.24
9/26/2012,2.27
9/27/2012,2.26
9/28/2012,2.25
9/30/2012,2.25
10/1/2012,2.24
10/2/2012,2.23
10/3/2012,2.23
10/4/2012,2.2
10/5/2012,2.17
10/8/2012,2.17
10/9/2012,2.15
10/10/2012,2.15
10/11/2012,2.13
10/12/2012,2.11
10/15/2012,2.08
10/16/2012,2.04
10/17/2012,1.99
10/18/2012,1.97
10/19/2012,1.98
10/22/2012,1.97
10/23/2012,1.985
10/24/2012,1.995
10/25/2012,1.99
10/26/2012,1.995
10/29/2012,2
10/30/2012,2.01
10/31/2012,2.02
11/1/2012,2.02
11/2/2012,2.02
11/5/2012,2.02
11/6/2012,2.02
11/7/2012,2.06
11/8/2012,2.07
11/9/2012,2.1
11/12/2012,2.1
11/13/2012,2.13
11/14/2012,2.13
11/15/2012,2.15
11/16/2012,2.16
11/19/2012,2.15
11/20/2012,2.15
11/21/2012,2.14
11/22/2012,2.14
11/23/2012,2.14
11/26/2012,2.14
11/27/2012,2.13
11/28/2012,2.14
11/29/2012,2.14
11/30/2012,2.13
12/3/2012,2.13
12/4/2012,2.13
12/5/2012,2.13
12/6/2012,2.12
12/7/2012,2.12
12/10/2012,2.11
12/11/2012,2.11
12/12/2012,2.1
12/13/2012,2.09
12/14/2012,2.08
12/17/2012,2.07
12/18/2012,2.05
12/19/2012,2.04
12/20/2012,2.03
12/21/2012,2.03
12/24/2012,2.03
12/25/2012,2.03
12/26/2012,2.03
12/27/2012,2.03
12/28/2012,2.03
12/31/2012,2.04
1/1/2013,2.015
1/2/2013,1.99
1/3/2013,1.96
1/4/2013,1.94
1/7/2013,1.93
1/8/2013,1.93
1/9/2013,1.94
1/10/2013,1.93
1/11/2013,1.93
1/14/2013,1.93
1/15/2013,1.94
1/16/2013,1.94
1/17/2013,1.93
1/18/2013,1.93
1/21/2013,1.93
1/22/2013,1.93
1/23/2013,1.93
1/24/2013,1.93
1/25/2013,1.91
1/28/2013,1.9
1/29/2013,1.91
1/30/2013,1.92
1/31/2013,1.95
2/1/2013,1.95
2/4/2013,1.97
2/5/2013,1.97
2/6/2013,1.98
2/7/2013,1.98
2/8/2013,1.98
2/11/2013,1.97
2/12/2013,1.97
2/13/2013,1.96
2/14/2013,1.96
2/15/2013,1.96
2/18/2013,1.96
2/19/2013,1.96
2/20/2013,1.96
2/21/2013,1.97
2/22/2013,1.96
2/25/2013,1.97
2/26/2013,1.98
2/27/2013,1.98
2/28/2013,1.99
3/1/2013,1.99
3/4/2013,1.99
3/5/2013,1.98
3/6/2013,1.97
3/7/2013,1.96
3/8/2013,1.95
3/11/2013,1.94
3/12/2013,1.94
3/13/2013,1.94
3/14/2013,1.94
3/15/2013,1.94
3/18/2013,1.95
3/19/2013,1.96
3/20/2013,1.96
3/21/2013,1.96
3/22/2013,1.97
3/25/2013,1.96
3/26/2013,1.97
3/27/2013,1.99
3/28/2013,1.99
3/29/2013,2
3/31/2013,2.01
4/1/2013,2.01
4/2/2013,2.01
4/3/2013,2.02
4/4/2013,2.01
4/5/2013,2
4/8/2013,1.99
4/9/2013,1.98
4/10/2013,1.97
4/11/2013,1.96
4/12/2013,1.97
4/15/2013,1.97
4/16/2013,1.97
4/17/2013,1.98
4/18/2013,1.98
4/19/2013,1.98
4/22/2013,1.97
4/23/2013,1.97
4/24/2013,1.96
4/25/2013,1.96
4/26/2013,1.96
4/29/2013,1.95
4/30/2013,1.96
5/1/2013,1.96
5/2/2013,1.95
5/3/2013,1.93
5/6/2013,1.91
5/7/2013,1.9
5/8/2013,1.9
5/9/2013,1.9
5/10/2013,1.89
5/13/2013,1.9
5/14/2013,1.89
5/15/2013,1.89
5/16/2013,1.89
5/17/2013,1.88
5/20/2013,1.88
5/21/2013,1.88
5/22/2013,1.87
5/23/2013,1.88
5/24/2013,1.88
5/27/2013,1.88
5/28/2013,1.87
5/29/2013,1.91
5/30/2013,1.91
5/31/2013,1.95
6/3/2013,1.97
6/4/2013,1.98
6/5/2013,2.03
6/6/2013,2.05
6/7/2013,2.04
6/10/2013,2.04
6/11/2013,2.1
6/12/2013,2.1
6/13/2013,2.1
6/14/2013,2.08
6/17/2013,2.07
6/18/2013,2.09
6/19/2013,2.08
6/20/2013,2.18
6/21/2013,2.18
6/24/2013,2.27
6/25/2013,2.25
6/26/2013,2.24
6/27/2013,2.22
6/28/2013,2.21
6/30/2013,2.21
7/1/2013,2.21
7/2/2013,2.2
7/3/2013,2.21
7/4/2013,2.21
7/5/2013,2.19
7/8/2013,2.19
7/9/2013,2.17
7/10/2013,2.17
7/11/2013,2.16
7/12/2013,2.14
7/15/2013,2.13
7/16/2013,2.11
7/17/2013,2.11
7/18/2013,2.08
7/19/2013,2.07
7/22/2013,2.05
7/23/2013,2.04
7/24/2013,2.04
7/25/2013,2.05
7/26/2013,2.06
7/29/2013,2.06
7/30/2013,2.06
7/31/2013,2.07
8/1/2013,2.04
8/2/2013,2.07
8/5/2013,2.06
8/6/2013,2.07
8/7/2013,2.08
8/8/2013,2.08
8/9/2013,2.08
8/12/2013,2.08
8/13/2013,2.07
8/14/2013,2.07
8/15/2013,2.08
8/16/2013,2.07
8/19/2013,2.08
8/20/2013,2.1
8/21/2013,2.11
8/22/2013,2.1
8/23/2013,2.09
8/26/2013,2.09
8/27/2013,2.11
8/28/2013,2.11
8/29/2013,2.11
8/30/2013,2.105
9/2/2013,2.1
9/3/2013,2.1
9/4/2013,2.09
9/5/2013,2.08
9/6/2013,2.08
9/9/2013,2.09
9/10/2013,2.08
9/11/2013,2.09
9/12/2013,2.08
9/13/2013,2.08
9/16/2013,2.07
9/17/2013,2.07
9/18/2013,2.1
9/19/2013,2.05
9/20/2013,2.04
9/23/2013,2.05
9/24/2013,2.05
9/25/2013,2.06
9/26/2013,2.05
9/27/2013,2.07
9/30/2013,2.09
10/1/2013,2.08
10/2/2013,2.08
10/3/2013,2.08
10/4/2013,2.06
10/7/2013,2.06
10/8/2013,2.05
10/9/2013,2.05
10/10/2013,2.03
10/11/2013,2.02
10/14/2013,2.02
10/15/2013,2.01
10/16/2013,1.995
10/17/2013,1.99
10/18/2013,1.97
10/21/2013,1.96
10/22/2013,1.96
10/23/2013,1.95
10/24/2013,1.95
10/25/2013,1.95
10/28/2013,1.95
10/29/2013,1.94
10/30/2013,1.95
10/31/2013,1.94
11/1/2013,1.93
11/4/2013,1.94
11/5/2013,1.95
11/6/2013,1.96
11/7/2013,1.96
11/8/2013,1.96
11/11/2013,1.96
11/12/2013,1.97
11/13/2013,1.97
11/14/2013,1.97
11/15/2013,1.96
11/18/2013,1.94
11/19/2013,1.93
11/20/2013,1.93
11/21/2013,1.93
11/22/2013,1.92
11/25/2013,1.92
11/26/2013,1.92
11/27/2013,1.91
11/28/2013,1.91
11/29/2013,1.91
11/30/2013,1.91
12/2/2013,1.89
12/3/2013,1.9
12/4/2013,1.89
12/5/2013,1.88
12/6/2013,1.87
12/9/2013,1.86
12/10/2013,1.86
12/11/2013,1.85
12/12/2013,1.84
12/13/2013,1.83
12/16/2013,1.82
12/17/2013,1.81
12/18/2013,1.8
12/19/2013,1.78
12/20/2013,1.76
12/23/2013,1.76
12/24/2013,1.75
12/25/2013,1.75
12/26/2013,1.75
12/27/2013,1.74
12/30/2013,1.73
12/31/2013,1.74
1/1/2014,1.74
1/2/2014,1.74
1/3/2014,1.73
1/6/2014,1.72
1/7/2014,1.71
1/8/2014,1.71
1/9/2014,1.71
1/10/2014,1.72
1/13/2014,1.72
1/14/2014,1.71
1/15/2014,1.7
1/16/2014,1.69
1/17/2014,1.69
1/20/2014,1.69
1/21/2014,1.68
1/22/2014,1.68
1/23/2014,1.71
1/24/2014,1.74
1/27/2014,1.74
1/28/2014,1.74
1/29/2014,1.76
1/30/2014,1.76
1/31/2014,1.78
2/3/2014,1.8
2/4/2014,1.8
2/5/2014,1.78
2/6/2014,1.77
2/7/2014,1.76
2/10/2014,1.75
2/11/2014,1.74
2/12/2014,1.73
2/13/2014,1.72
2/14/2014,1.71
2/17/2014,1.7
2/18/2014,1.7
2/19/2014,1.7
2/20/2014,1.69
2/21/2014,1.69
2/24/2014,1.68
2/25/2014,1.67
2/26/2014,1.68
2/27/2014,1.68
2/28/2014,1.66
3/3/2014,1.69
3/4/2014,1.67
3/5/2014,1.66
3/6/2014,1.66
3/7/2014,1.65
3/10/2014,1.66
3/11/2014,1.66
3/12/2014,1.69
3/13/2014,1.7
3/14/2014,1.71
3/17/2014,1.7
3/18/2014,1.69
3/19/2014,1.65
3/20/2014,1.65
3/21/2014,1.65
3/24/2014,1.64
3/25/2014,1.64
3/26/2014,1.63
3/27/2014,1.62
3/28/2014,1.6
3/31/2014,1.61
4/1/2014,1.59
4/2/2014,1.58
4/3/2014,1.57
4/4/2014,1.57
4/7/2014,1.57
4/8/2014,1.57
4/9/2014,1.57
4/10/2014,1.57
4/11/2014,1.58
4/14/2014,1.57
4/15/2014,1.57
4/16/2014,1.57
4/17/2014,1.55
4/18/2014,1.545
4/21/2014,1.54
4/22/2014,1.54
4/23/2014,1.54
4/24/2014,1.54
4/25/2014,1.54
4/28/2014,1.55
4/29/2014,1.54
4/30/2014,1.54
5/1/2014,1.55
5/2/2014,1.54
5/5/2014,1.54
5/6/2014,1.53
5/7/2014,1.53
5/8/2014,1.52
5/9/2014,1.52
5/12/2014,1.52
5/13/2014,1.51
5/14/2014,1.52
5/15/2014,1.52
5/16/2014,1.52
5/19/2014,1.51
5/20/2014,1.52
5/21/2014,1.52
5/22/2014,1.51
5/23/2014,1.51
5/26/2014,1.51
5/27/2014,1.5
5/28/2014,1.51
5/29/2014,1.49
5/30/2014,1.49
5/31/2014,1.5
6/2/2014,1.49
6/3/2014,1.49
6/4/2014,1.49
6/5/2014,1.49
6/6/2014,1.46
6/9/2014,1.45
6/10/2014,1.44
6/11/2014,1.45
6/12/2014,1.46
6/13/2014,1.45
6/16/2014,1.45
6/17/2014,1.45
6/18/2014,1.45
6/19/2014,1.44
6/20/2014,1.44
6/23/2014,1.43
6/24/2014,1.42
6/25/2014,1.43
6/26/2014,1.43
6/27/2014,1.43
6/30/2014,1.44
7/1/2014,1.44
7/2/2014,1.43
7/3/2014,1.43
7/4/2014,1.43
7/7/2014,1.43
7/8/2014,1.43
7/9/2014,1.43
7/10/2014,1.44
7/11/2014,1.44
7/14/2014,1.43
7/15/2014,1.43
7/16/2014,1.43
7/17/2014,1.45
7/18/2014,1.45
7/21/2014,1.46
7/22/2014,1.46
7/23/2014,1.46
7/24/2014,1.45
7/25/2014,1.45
7/28/2014,1.45
7/29/2014,1.46
7/30/2014,1.45
7/31/2014,1.47
8/1/2014,1.5
8/4/2014,1.51
8/5/2014,1.52
8/6/2014,1.53
8/7/2014,1.54
8/8/2014,1.54
8/11/2014,1.54
8/12/2014,1.53
8/13/2014,1.53
8/14/2014,1.53
8/15/2014,1.53
8/18/2014,1.52
8/19/2014,1.51
8/20/2014,1.51
8/21/2014,1.5
8/22/2014,1.49
8/25/2014,1.49
8/26/2014,1.49
8/27/2014,1.49
8/28/2014,1.49
8/29/2014,1.5
8/31/2014,1.5
9/1/2014,1.5
9/2/2014,1.49
9/3/2014,1.48
9/4/2014,1.48
9/5/2014,1.48
9/8/2014,1.48
9/9/2014,1.48
9/10/2014,1.5
9/11/2014,1.5
9/12/2014,1.51
9/15/2014,1.51
9/16/2014,1.52
9/17/2014,1.52
9/18/2014,1.51
9/19/2014,1.5
9/22/2014,1.5
9/23/2014,1.51
9/24/2014,1.52
9/25/2014,1.54
9/26/2014,1.55
9/29/2014,1.58
9/30/2014,1.59
10/1/2014,1.61
10/2/2014,1.61
10/3/2014,1.6
10/6/2014,1.6
10/7/2014,1.6
10/8/2014,1.63
10/9/2014,1.63
10/10/2014,1.64
10/13/2014,1.64
10/14/2014,1.66
10/15/2014,1.7
10/16/2014,1.71
10/17/2014,1.69
10/20/2014,1.69
10/21/2014,1.69
10/22/2014,1.68
10/23/2014,1.68
10/24/2014,1.68
10/27/2014,1.68
10/28/2014,1.68
10/29/2014,1.67
10/30/2014,1.67
10/31/2014,1.67
11/3/2014,1.68
11/4/2014,1.69
11/5/2014,1.7
11/6/2014,1.7
11/7/2014,1.72
11/10/2014,1.71
11/11/2014,1.71
11/12/2014,1.73
11/13/2014,1.73
11/14/2014,1.76
11/17/2014,1.78
11/18/2014,1.79
11/19/2014,1.79
11/20/2014,1.8
11/21/2014,1.78
11/24/2014,1.78
11/25/2014,1.78
11/26/2014,1.78
11/27/2014,1.78
11/28/2014,1.79
11/30/2014,1.8
12/1/2014,1.82
12/2/2014,1.82
12/3/2014,1.84
12/4/2014,1.84
12/5/2014,1.84
12/8/2014,1.87
12/9/2014,1.9
12/10/2014,1.94
12/11/2014,1.95
12/12/2014,1.99
12/15/2014,2.03
12/16/2014,2.1
12/17/2014,2.07
12/18/2014,2.01
12/19/2014,1.995
12/22/2014,1.98
12/23/2014,1.97
12/24/2014,1.97
12/25/2014,1.97
12/26/2014,1.97
12/29/2014,1.97
12/30/2014,1.97
12/31/2014,1.98
1/1/2015,1.985
1/2/2015,1.99
1/5/2015,2.02
1/6/2015,2.06
1/7/2015,2.06
1/8/2015,2.04
1/9/2015,2.05
1/12/2015,2.06
1/13/2015,2.08
1/14/2015,2.11
1/15/2015,2.12
1/16/2015,2.115
1/19/2015,2.11
1/20/2015,2.11
1/21/2015,2.1
1/22/2015,2.08
1/23/2015,2.07
1/26/2015,2.06
1/27/2015,2.07
1/28/2015,2.09
1/29/2015,2.09
1/30/2015,2.12
1/31/2015,2.13
2/2/2015,2.12
2/3/2015,2.09
2/4/2015,2.08
2/5/2015,2.06
2/6/2015,2.02
2/9/2015,2.01
2/10/2015,2.01
2/11/2015,2.01
2/12/2015,1.99
2/13/2015,1.97
2/16/2015,1.97
2/17/2015,1.94
2/18/2015,1.93
2/19/2015,1.92
2/20/2015,1.91
2/23/2015,1.92
2/24/2015,1.92
2/25/2015,1.93
2/26/2015,1.91
2/27/2015,1.91
2/28/2015,1.8
3/2/2015,1.78
3/3/2015,1.77
3/4/2015,1.78
3/5/2015,1.78
3/6/2015,1.75
3/9/2015,1.76
3/10/2015,1.79
3/11/2015,1.8
3/12/2015,1.8
3/13/2015,1.82
3/16/2015,1.83
3/17/2015,1.86
3/18/2015,1.88
3/19/2015,1.87
3/20/2015,1.87
3/23/2015,1.86
3/24/2015,1.86
3/25/2015,1.86
3/26/2015,1.86
3/27/2015,1.86
3/30/2015,1.86
3/31/2015,1.82
4/1/2015,1.83
4/2/2015,1.81
4/3/2015,1.81
4/6/2015,1.81
4/7/2015,1.79
4/8/2015,1.78
4/9/2015,1.77
4/10/2015,1.77
4/13/2015,1.76
4/14/2015,1.77
4/15/2015,1.77
4/16/2015,1.77
4/17/2015,1.78
4/20/2015,1.77
4/21/2015,1.77
4/22/2015,1.76
4/23/2015,1.76
4/24/2015,1.76
4/27/2015,1.76
4/28/2015,1.76
4/29/2015,1.76
4/30/2015,1.79
5/1/2015,1.78
5/4/2015,1.77
5/5/2015,1.77
5/6/2015,1.76
5/7/2015,1.78
5/8/2015,1.78
5/11/2015,1.76
5/12/2015,1.78
5/13/2015,1.77
5/14/2015,1.77
5/15/2015,1.77
5/18/2015,1.76
5/19/2015,1.76
5/20/2015,1.77
5/21/2015,1.78
5/22/2015,1.77
5/25/2015,1.78
5/26/2015,1.79
5/27/2015,1.79
5/28/2015,1.8
5/29/2015,1.81
5/31/2015,1.83
6/1/2015,1.83
6/2/2015,1.82
6/3/2015,1.82
6/4/2015,1.83
6/5/2015,1.82
6/8/2015,1.83
6/9/2015,1.84
6/10/2015,1.85
6/11/2015,1.86
6/12/2015,1.85
6/15/2015,1.87
6/16/2015,1.88
6/17/2015,1.89
6/18/2015,1.89
6/19/2015,1.9
6/22/2015,1.88
6/23/2015,1.88
6/24/2015,1.89
6/25/2015,1.89
6/26/2015,1.88
6/29/2015,1.92
6/30/2015,1.93
7/1/2015,1.91
7/2/2015,1.91
7/3/2015,1.91
7/6/2015,1.93
7/7/2015,1.95
7/8/2015,1.97
7/9/2015,1.96
7/10/2015,1.94
7/13/2015,1.94
7/14/2015,1.95
7/15/2015,1.96
7/16/2015,1.96
7/17/2015,1.96
7/20/2015,1.96
7/21/2015,1.97
7/22/2015,1.99
7/23/2015,2.01
7/24/2015,2.03
7/27/2015,2.05
7/28/2015,2.06
7/29/2015,2.05
7/30/2015,2.05
7/31/2015,2.07
8/3/2015,2.08
8/4/2015,2.08
8/5/2015,2.08
8/6/2015,2.1
8/7/2015,2.11
8/10/2015,2.11
8/11/2015,2.14
8/12/2015,2.16
8/13/2015,2.16
8/14/2015,2.16
8/17/2015,2.16
8/18/2015,2.17
8/19/2015,2.2
8/20/2015,2.22
8/21/2015,2.24
8/24/2015,2.29
8/25/2015,2.28
8/26/2015,2.29
8/27/2015,2.26
8/28/2015,2.24
8/31/2015,2.24
9/1/2015,2.25
9/2/2015,2.24
9/3/2015,2.23
9/4/2015,2.23
9/7/2015,2.23
9/8/2015,2.21
9/9/2015,2.21
9/10/2015,2.21
9/11/2015,2.22
9/14/2015,2.22
9/15/2015,2.21
9/16/2015,2.2
9/17/2015,2.2
9/18/2015,2.21
9/21/2015,2.2
9/22/2015,2.23
9/23/2015,2.24
9/24/2015,2.27
9/25/2015,2.28
9/28/2015,2.35
9/29/2015,2.4
9/30/2015,2.4
10/1/2015,2.41
10/2/2015,2.42
10/5/2015,2.4
10/6/2015,2.37
10/7/2015,2.34
10/8/2015,2.34
10/9/2015,2.32
10/12/2015,2.32
10/13/2015,2.32
10/14/2015,2.34
10/15/2015,2.32
10/16/2015,2.31
10/19/2015,2.3
10/20/2015,2.29
10/21/2015,2.29
10/22/2015,2.28
10/23/2015,2.25
10/26/2015,2.24
10/27/2015,2.25
10/28/2015,2.25
10/29/2015,2.24
10/30/2015,2.24
10/31/2015,2.23
11/2/2015,2.22
11/3/2015,2.21
11/4/2015,2.19
11/5/2015,2.18
11/6/2015,2.17
11/9/2015,2.17
11/10/2015,2.18
11/11/2015,2.18
11/12/2015,2.19
11/13/2015,2.21
11/16/2015,2.22
11/17/2015,2.21
11/18/2015,2.22
11/19/2015,2.22
11/20/2015,2.22
11/23/2015,2.22
11/24/2015,2.23
11/25/2015,2.24
11/26/2015,2.24
11/27/2015,2.24
11/30/2015,2.22
12/1/2015,2.23
12/2/2015,2.25
12/3/2015,2.24
12/4/2015,2.24
12/7/2015,2.26
12/8/2015,2.3
12/9/2015,2.3
12/10/2015,2.31
12/11/2015,2.36
12/14/2015,2.4
12/15/2015,2.4
12/16/2015,2.39
12/17/2015,2.4
12/18/2015,2.42
12/21/2015,2.43
12/22/2015,2.43
12/23/2015,2.42
12/24/2015,2.42
12/25/2015,2.42
12/28/2015,2.42
12/29/2015,2.41
12/30/2015,2.4
12/31/2015,2.41
1/1/2016,2.415
1/4/2016,2.42
1/5/2016,2.41
1/6/2016,2.43
1/7/2016,2.45
1/8/2016,2.47
1/11/2016,2.48
1/12/2016,2.51
1/13/2016,2.53
1/14/2016,2.57
1/15/2016,2.64
1/18/2016,2.64
1/19/2016,2.66
1/20/2016,2.75
1/21/2016,2.75
1/22/2016,2.73
1/25/2016,2.74
1/26/2016,2.76
1/27/2016,2.77
1/28/2016,2.78
1/29/2016,2.8
1/31/2016,2.79
2/1/2016,2.8
2/2/2016,2.84
2/3/2016,2.86
2/4/2016,2.87
2/5/2016,2.87
2/8/2016,2.92
2/9/2016,2.96
2/10/2016,2.97
2/11/2016,3.03
2/12/2016,3.03
2/15/2016,3.02
2/16/2016,3.01
2/17/2016,2.98
2/18/2016,2.96
2/19/2016,2.96
2/22/2016,2.94
2/23/2016,2.94
2/24/2016,2.94
2/25/2016,2.94
2/26/2016,2.9
2/29/2016,2.82
3/1/2016,2.77
3/2/2016,2.73
3/3/2016,2.71
3/4/2016,2.67
3/7/2016,2.64
3/8/2016,2.63
3/9/2016,2.61
3/10/2016,2.57
3/11/2016,2.53
3/14/2016,2.48
3/15/2016,2.46
3/16/2016,2.47
3/17/2016,2.44
3/18/2016,2.41
3/21/2016,2.38
3/22/2016,2.36
3/23/2016,2.35
3/24/2016,2.36
3/25/2016,2.36
3/28/2016,2.36
3/29/2016,2.37
3/30/2016,2.36
3/31/2016,2.31
4/1/2016,2.31
4/4/2016,2.3
4/5/2016,2.31
4/6/2016,2.3
4/7/2016,2.31
4/8/2016,2.31
4/11/2016,2.3
4/12/2016,2.28
4/13/2016,2.26
4/14/2016,2.23
4/15/2016,2.22
4/18/2016,2.21
4/19/2016,2.18
4/20/2016,2.14
4/21/2016,2.11
4/22/2016,2.09
4/25/2016,2.09
4/26/2016,2.07
4/27/2016,2.07
4/28/2016,2.06
4/29/2016,2.06
4/30/2016,2.07
5/2/2016,2.06
5/3/2016,2.07
5/4/2016,2.09
5/5/2016,2.1
5/6/2016,2.11
5/9/2016,2.12
5/10/2016,2.12
5/11/2016,2.12
5/12/2016,2.12
5/13/2016,2.12
5/16/2016,2.11
5/17/2016,2.11
5/18/2016,2.09
5/19/2016,2.11
5/20/2016,2.11
5/23/2016,2.11
5/24/2016,2.1
5/25/2016,2.09
5/26/2016,2.09
5/27/2016,2.08
5/30/2016,2.08
5/31/2016,2.07
6/1/2016,2.07
6/2/2016,2.07
6/3/2016,2.08
6/6/2016,2.08
6/7/2016,2.07
6/8/2016,2.05
6/9/2016,2.06
6/10/2016,2.07
6/13/2016,2.09
6/14/2016,2.11
6/15/2016,2.12
6/16/2016,2.14
6/17/2016,2.12
6/20/2016,2.1
6/21/2016,2.08
6/22/2016,2.07
6/23/2016,2.04
6/24/2016,2.12
6/27/2016,2.16
6/28/2016,2.15
6/29/2016,2.13
6/30/2016,2.13
7/1/2016,2.12
7/4/2016,2.12
7/5/2016,2.12
7/6/2016,2.11
7/7/2016,2.09
7/8/2016,2.07
7/11/2016,2.04
7/12/2016,2.02
7/13/2016,1.985
7/14/2016,1.97
7/15/2016,1.96
7/18/2016,1.95
7/19/2016,1.95
7/20/2016,1.94
7/21/2016,1.94
7/22/2016,1.93
7/25/2016,1.92
7/26/2016,1.93
7/27/2016,1.94
7/28/2016,1.95
7/29/2016,1.97
7/31/2016,1.97
8/1/2016,1.97
8/2/2016,1.98
8/3/2016,1.98
8/4/2016,1.97
8/5/2016,1.95
8/8/2016,1.93
8/9/2016,1.92
8/10/2016,1.92
8/11/2016,1.9
8/12/2016,1.9
8/15/2016,1.88
8/16/2016,1.87
8/17/2016,1.86
8/18/2016,1.86
8/19/2016,1.84
8/22/2016,1.84
8/23/2016,1.84
8/24/2016,1.83
8/25/2016,1.83
8/26/2016,1.82
8/29/2016,1.82
8/30/2016,1.81
8/31/2016,1.83
9/1/2016,1.83
9/2/2016,1.83
9/5/2016,1.83
9/6/2016,1.83
9/7/2016,1.83
9/8/2016,1.82
9/9/2016,1.83
9/12/2016,1.84
9/13/2016,1.85
9/14/2016,1.85
9/15/2016,1.86
9/16/2016,1.85
9/19/2016,1.85
9/20/2016,1.84
9/21/2016,1.85
9/22/2016,1.83
9/23/2016,1.83
9/26/2016,1.84
9/27/2016,1.85
9/28/2016,1.85
9/29/2016,1.85
9/30/2016,1.85
10/3/2016,1.84
10/4/2016,1.83
10/5/2016,1.81
10/6/2016,1.79
10/7/2016,1.79
10/10/2016,1.78
10/11/2016,1.77
10/12/2016,1.77
10/13/2016,1.77
10/14/2016,1.76
10/17/2016,1.76
10/18/2016,1.76
10/19/2016,1.75
10/20/2016,1.74
10/21/2016,1.75
10/24/2016,1.74
10/25/2016,1.75
10/26/2016,1.76
10/27/2016,1.75
10/28/2016,1.76
10/31/2016,1.78
11/1/2016,1.8
11/2/2016,1.81
11/3/2016,1.82
11/4/2016,1.83
11/7/2016,1.81
11/8/2016,1.8
11/9/2016,1.78
11/10/2016,1.77
11/11/2016,1.77
11/14/2016,1.78
11/15/2016,1.76
11/16/2016,1.77
11/17/2016,1.77
11/18/2016,1.77
11/21/2016,1.77
11/22/2016,1.78
11/23/2016,1.77
11/24/2016,1.77
11/25/2016,1.77
11/28/2016,1.77
11/29/2016,1.77
11/30/2016,1.75
12/1/2016,1.74
12/2/2016,1.74
12/5/2016,1.73
12/6/2016,1.72
12/7/2016,1.72
12/8/2016,1.71
12/9/2016,1.7
12/12/2016,1.7
12/13/2016,1.68
12/14/2016,1.66
12/15/2016,1.66
12/16/2016,1.66
12/19/2016,1.66
12/20/2016,1.65
12/21/2016,1.65
12/22/2016,1.64
12/23/2016,1.64
12/26/2016,1.64
12/27/2016,1.64
12/28/2016,1.64
12/29/2016,1.63
12/30/2016,1.64
12/31/2016,1.66
1/2/2017,1.65
1/3/2017,1.64
1/4/2017,1.63
1/5/2017,1.64
1/6/2017,1.63
1/9/2017,1.63
1/10/2017,1.63
1/11/2017,1.64
1/12/2017,1.64
1/13/2017,1.63
1/16/2017,1.63
1/17/2017,1.63
1/18/2017,1.63
1/19/2017,1.62
1/20/2017,1.62
1/23/2017,1.62
1/24/2017,1.61
1/25/2017,1.6
1/26/2017,1.6
1/27/2017,1.6
1/30/2017,1.59
1/31/2017,1.61
2/1/2017,1.61
2/2/2017,1.61
2/3/2017,1.6
2/6/2017,1.61
2/7/2017,1.61
2/8/2017,1.62
2/9/2017,1.61
2/10/2017,1.6
2/13/2017,1.59
2/14/2017,1.57
2/15/2017,1.56
2/16/2017,1.56
2/17/2017,1.57
2/20/2017,1.56
2/21/2017,1.56
2/22/2017,1.56
2/23/2017,1.55
2/24/2017,1.56
2/27/2017,1.54
2/28/2017,1.54
3/1/2017,1.52
3/2/2017,1.51
3/3/2017,1.5
3/6/2017,1.5
3/7/2017,1.51
3/8/2017,1.52
3/9/2017,1.54
3/10/2017,1.54
3/13/2017,1.54
3/14/2017,1.55
3/15/2017,1.56
3/16/2017,1.55
3/17/2017,1.55
3/20/2017,1.55
3/21/2017,1.55
3/22/2017,1.56
3/23/2017,1.56
3/24/2017,1.56
3/27/2017,1.56
3/28/2017,1.55
3/29/2017,1.55
3/30/2017,1.54
3/31/2017,1.57
4/3/2017,1.57
4/4/2017,1.58
4/5/2017,1.58
4/6/2017,1.58
4/7/2017,1.57
4/10/2017,1.56
4/11/2017,1.57
4/12/2017,1.57
4/13/2017,1.58
4/14/2017,1.58
4/17/2017,1.58
4/18/2017,1.59
4/19/2017,1.59
4/20/2017,1.58
4/21/2017,1.58
4/24/2017,1.56
4/25/2017,1.56
4/26/2017,1.55
4/27/2017,1.55
4/28/2017,1.55
4/30/2017,1.55
5/1/2017,1.55
5/2/2017,1.54
5/3/2017,1.54
5/4/2017,1.53
5/5/2017,1.53
5/8/2017,1.52
5/9/2017,1.51
5/10/2017,1.5
5/11/2017,1.49
5/12/2017,1.49
5/15/2017,1.48
5/16/2017,1.48
5/17/2017,1.49
5/18/2017,1.5
5/19/2017,1.49
5/22/2017,1.49
5/23/2017,1.48
5/24/2017,1.49
5/25/2017,1.49
5/26/2017,1.48
5/29/2017,1.48
5/30/2017,1.48
5/31/2017,1.51
6/1/2017,1.51
6/2/2017,1.51
6/5/2017,1.5
6/6/2017,1.5
6/7/2017,1.5
6/8/2017,1.5
6/9/2017,1.5
6/12/2017,1.49
6/13/2017,1.49
6/14/2017,1.48
6/15/2017,1.48
6/16/2017,1.49
6/19/2017,1.48
6/20/2017,1.48
6/21/2017,1.49
6/22/2017,1.49
6/23/2017,1.49
6/26/2017,1.49
6/27/2017,1.48
6/28/2017,1.47
6/29/2017,1.46
6/30/2017,1.46
7/3/2017,1.45
7/4/2017,1.45
7/5/2017,1.45
7/6/2017,1.44
7/7/2017,1.43
7/10/2017,1.43
7/11/2017,1.43
7/12/2017,1.43
7/13/2017,1.42
7/14/2017,1.42
7/17/2017,1.41
7/18/2017,1.41
7/19/2017,1.4
7/20/2017,1.4
7/21/2017,1.4
7/24/2017,1.39
7/25/2017,1.38
7/26/2017,1.38
7/27/2017,1.37
7/28/2017,1.37
7/31/2017,1.39
8/1/2017,1.39
8/2/2017,1.39
8/3/2017,1.4
8/4/2017,1.4
8/7/2017,1.41
8/8/2017,1.41
8/9/2017,1.44
8/10/2017,1.46
8/11/2017,1.48
8/14/2017,1.47
8/15/2017,1.46
8/16/2017,1.46
8/17/2017,1.46
8/18/2017,1.47
8/21/2017,1.47
8/22/2017,1.47
8/23/2017,1.47
8/24/2017,1.47
8/25/2017,1.47
8/28/2017,1.47
8/29/2017,1.47
8/30/2017,1.47
8/31/2017,1.48
9/1/2017,1.47
9/4/2017,1.47
9/5/2017,1.48
9/6/2017,1.48
9/7/2017,1.49
9/8/2017,1.49
9/11/2017,1.49
9/12/2017,1.48
9/13/2017,1.47
9/14/2017,1.46
9/15/2017,1.45
9/18/2017,1.43
9/19/2017,1.42
9/20/2017,1.41
9/21/2017,1.41
9/22/2017,1.41
9/25/2017,1.41
9/26/2017,1.4
9/27/2017,1.39
9/28/2017,1.38
9/29/2017,1.36
9/30/2017,1.37
10/2/2017,1.36
10/3/2017,1.35
10/4/2017,1.34
10/5/2017,1.33
10/6/2017,1.33
10/9/2017,1.33
10/10/2017,1.33
10/11/2017,1.33
10/12/2017,1.33
10/13/2017,1.34
10/16/2017,1.33
10/17/2017,1.33
10/18/2017,1.32
10/19/2017,1.32
10/20/2017,1.31
10/23/2017,1.3
10/24/2017,1.29
10/25/2017,1.29
10/26/2017,1.29
10/27/2017,1.29
10/30/2017,1.3
10/31/2017,1.3
11/1/2017,1.31
11/2/2017,1.32
11/3/2017,1.32
11/6/2017,1.33
11/7/2017,1.34
11/8/2017,1.35
11/9/2017,1.36
11/10/2017,1.36
11/13/2017,1.36
11/14/2017,1.37
11/15/2017,1.39
11/16/2017,1.38
11/17/2017,1.37
11/20/2017,1.36
11/21/2017,1.35
11/22/2017,1.35
11/23/2017,1.35
11/24/2017,1.35
11/27/2017,1.34
11/28/2017,1.34
11/29/2017,1.34
11/30/2017,1.32
12/1/2017,1.33
12/4/2017,1.32
12/5/2017,1.32
12/6/2017,1.32
12/7/2017,1.32
12/8/2017,1.32
12/11/2017,1.31
12/12/2017,1.31
12/13/2017,1.31
12/14/2017,1.31
12/15/2017,1.3
12/18/2017,1.3
12/19/2017,1.29
12/20/2017,1.28
12/21/2017,1.28
12/22/2017,1.28
12/25/2017,1.28
12/26/2017,1.28
12/27/2017,1.28
12/28/2017,1.27
12/29/2017,1.28
12/31/2017,1.28
1/1/2018,1.28
1/2/2018,1.28
1/3/2018,1.27
1/4/2018,1.27
1/5/2018,1.26
1/8/2018,1.26
1/9/2018,1.24
1/10/2018,1.23
1/11/2018,1.23
1/12/2018,1.22
1/15/2018,1.22
1/16/2018,1.21
1/17/2018,1.21
1/18/2018,1.21
1/19/2018,1.21
1/22/2018,1.21
1/23/2018,1.21
1/24/2018,1.2
1/25/2018,1.2
1/26/2018,1.18
1/29/2018,1.17
1/30/2018,1.17
1/31/2018,1.17
2/1/2018,1.16
2/2/2018,1.15
2/5/2018,1.17
2/6/2018,1.19
2/7/2018,1.18
2/8/2018,1.19
2/9/2018,1.24
2/12/2018,1.24
2/13/2018,1.27
2/14/2018,1.25
2/15/2018,1.24
2/16/2018,1.24
2/19/2018,1.24
2/20/2018,1.24
2/21/2018,1.24
2/22/2018,1.25
2/23/2018,1.26
2/26/2018,1.26
2/27/2018,1.26
2/28/2018,1.28
3/1/2018,1.31
3/2/2018,1.32
3/5/2018,1.31
3/6/2018,1.31
3/7/2018,1.31
3/8/2018,1.32
3/9/2018,1.33
3/12/2018,1.34
3/13/2018,1.35
3/14/2018,1.36
3/15/2018,1.38
3/16/2018,1.37
3/19/2018,1.38
3/20/2018,1.38
3/21/2018,1.39
3/22/2018,1.42
3/23/2018,1.43
3/26/2018,1.44
3/27/2018,1.44
3/28/2018,1.44
3/29/2018,1.44
3/30/2018,1.445
3/31/2018,1.45
4/2/2018,1.45
4/3/2018,1.45
4/4/2018,1.44
4/5/2018,1.42
4/6/2018,1.42
4/9/2018,1.42
4/10/2018,1.42
4/11/2018,1.41
4/12/2018,1.4
4/13/2018,1.39
4/16/2018,1.39
4/17/2018,1.38
4/18/2018,1.38
4/19/2018,1.39
4/20/2018,1.39
4/23/2018,1.39
4/24/2018,1.39
4/25/2018,1.39
4/26/2018,1.4
4/27/2018,1.41
4/30/2018,1.44
5/1/2018,1.44
5/2/2018,1.45
5/3/2018,1.47
5/4/2018,1.48
5/7/2018,1.48
5/8/2018,1.48
5/9/2018,1.47
5/10/2018,1.46
5/11/2018,1.45
5/14/2018,1.44
5/15/2018,1.44
5/16/2018,1.44
5/17/2018,1.44
5/18/2018,1.45
5/21/2018,1.45
5/22/2018,1.45
5/23/2018,1.46
5/24/2018,1.46
5/25/2018,1.47
5/28/2018,1.47
5/29/2018,1.51
5/30/2018,1.52
5/31/2018,1.54
6/1/2018,1.53
6/4/2018,1.52
6/5/2018,1.52
6/6/2018,1.52
6/7/2018,1.53
6/8/2018,1.54
6/11/2018,1.54
6/12/2018,1.54
6/13/2018,1.53
6/14/2018,1.53
6/15/2018,1.53
6/18/2018,1.55
6/19/2018,1.56
6/20/2018,1.57
6/21/2018,1.59
6/22/2018,1.59
6/25/2018,1.61
6/26/2018,1.61
6/27/2018,1.62
6/28/2018,1.62
6/29/2018,1.62
6/30/2018,1.63
7/2/2018,1.63
7/3/2018,1.63
7/4/2018,1.63
7/5/2018,1.61
7/6/2018,1.61
7/9/2018,1.59
7/10/2018,1.57
7/11/2018,1.57
7/12/2018,1.56
7/13/2018,1.56
7/16/2018,1.54
7/17/2018,1.54
7/18/2018,1.54
7/19/2018,1.54
7/20/2018,1.53
7/23/2018,1.52
7/24/2018,1.5
7/25/2018,1.49
7/26/2018,1.47
7/27/2018,1.46
7/30/2018,1.46
7/31/2018,1.47
8/1/2018,1.46
8/2/2018,1.46
8/3/2018,1.46
8/6/2018,1.46
8/7/2018,1.45
8/8/2018,1.46
8/9/2018,1.47
8/10/2018,1.5
8/13/2018,1.52
8/14/2018,1.51
8/15/2018,1.52
8/16/2018,1.51
8/17/2018,1.5
8/20/2018,1.51
8/21/2018,1.5
8/22/2018,1.51
8/23/2018,1.52
8/24/2018,1.52
8/27/2018,1.51
8/28/2018,1.51
8/29/2018,1.5
8/30/2018,1.52
8/31/2018,1.53
9/3/2018,1.53
9/4/2018,1.53
9/5/2018,1.53
9/6/2018,1.53
9/7/2018,1.52
9/10/2018,1.52
9/11/2018,1.51
9/12/2018,1.5
9/13/2018,1.49
9/14/2018,1.47
9/17/2018,1.47
9/18/2018,1.46
9/19/2018,1.45
9/20/2018,1.44
9/21/2018,1.43
9/24/2018,1.44
9/25/2018,1.43
9/26/2018,1.43
9/27/2018,1.42
9/28/2018,1.41
9/30/2018,1.43
10/1/2018,1.43
10/2/2018,1.43
10/3/2018,1.41
10/4/2018,1.42
10/5/2018,1.43
10/8/2018,1.43
10/9/2018,1.43
10/10/2018,1.43
10/11/2018,1.47
10/12/2018,1.47
10/15/2018,1.46
10/16/2018,1.47
10/17/2018,1.47
10/18/2018,1.48
10/19/2018,1.48
10/22/2018,1.49
10/23/2018,1.52
10/24/2018,1.51
10/25/2018,1.54
10/26/2018,1.56
10/29/2018,1.56
10/30/2018,1.58
10/31/2018,1.58
11/1/2018,1.6
11/2/2018,1.58
11/5/2018,1.58
11/6/2018,1.56
11/7/2018,1.55
11/8/2018,1.54
11/9/2018,1.56
11/12/2018,1.56
11/13/2018,1.6
11/14/2018,1.64
11/15/2018,1.68
11/16/2018,1.7
11/19/2018,1.72
11/20/2018,1.76
11/21/2018,1.75
11/22/2018,1.76
11/23/2018,1.76
11/26/2018,1.75
11/27/2018,1.78
11/28/2018,1.79
11/29/2018,1.8
11/30/2018,1.84
12/3/2018,1.83
12/4/2018,1.86
12/5/2018,1.86
12/6/2018,1.91
12/7/2018,1.92
12/10/2018,1.93
12/11/2018,1.92
12/12/2018,1.9
12/13/2018,1.88
12/14/2018,1.88
12/17/2018,1.88
12/18/2018,1.89
12/19/2018,1.9
12/20/2018,1.94
12/21/2018,1.96
12/24/2018,1.97
12/25/2018,1.975
12/26/2018,1.98
12/27/2018,1.995
12/28/2018,2.01
12/31/2018,2.02
1/1/2019,2.025
1/2/2019,2.03
1/3/2019,2.06
1/4/2019,2.05
1/7/2019,2.03
1/8/2019,2.01
1/9/2019,1.97
1/10/2019,1.97
1/11/2019,1.96
1/14/2019,1.96
1/15/2019,1.96
1/16/2019,1.93
1/17/2019,1.91
1/18/2019,1.88
1/21/2019,1.88
1/22/2019,1.87
1/23/2019,1.85
1/24/2019,1.84
1/25/2019,1.82
1/28/2019,1.81
1/29/2019,1.81
1/30/2019,1.81
1/31/2019,1.79
2/1/2019,1.76
2/4/2019,1.74
2/5/2019,1.72
2/6/2019,1.71
2/7/2019,1.74
2/8/2019,1.74
2/11/2019,1.74
2/12/2019,1.73
2/13/2019,1.72
2/14/2019,1.73
2/15/2019,1.72
2/18/2019,1.72
2/19/2019,1.72
2/20/2019,1.72
2/21/2019,1.71
2/22/2019,1.71
2/25/2019,1.7
2/26/2019,1.7
2/27/2019,1.69
2/28/2019,1.68
3/1/2019,1.66
3/4/2019,1.65
3/5/2019,1.65
3/6/2019,1.66
3/7/2019,1.67
3/8/2019,1.68
3/11/2019,1.67
3/12/2019,1.66
3/13/2019,1.66
3/14/2019,1.65
3/15/2019,1.64
3/18/2019,1.63
3/19/2019,1.62
3/20/2019,1.63
3/21/2019,1.62
3/22/2019,1.62
3/25/2019,1.62
3/26/2019,1.61
3/27/2019,1.62
3/28/2019,1.62
3/29/2019,1.61
3/31/2019,1.63
4/1/2019,1.62
4/2/2019,1.62
4/3/2019,1.6
4/4/2019,1.6
4/5/2019,1.59
4/8/2019,1.58
4/9/2019,1.57
4/10/2019,1.56
4/11/2019,1.54
4/12/2019,1.51
4/15/2019,1.5
4/16/2019,1.49
4/17/2019,1.49
4/18/2019,1.5
4/19/2019,1.5
4/22/2019,1.5
4/23/2019,1.5
4/24/2019,1.5
4/25/2019,1.5
