Date,NFCI
1/8/1971,0.45
1/15/1971,0.49
1/22/1971,0.53
1/29/1971,0.58
2/5/1971,0.63
2/12/1971,0.68
2/19/1971,0.72
2/26/1971,0.76
3/5/1971,0.80
3/12/1971,0.83
3/19/1971,0.86
3/26/1971,0.88
4/2/1971,0.91
4/9/1971,0.94
4/16/1971,0.97
4/23/1971,1.00
4/30/1971,1.03
5/7/1971,1.04
5/14/1971,1.04
5/21/1971,1.03
5/28/1971,1.00
6/4/1971,0.96
6/11/1971,0.91
6/18/1971,0.86
6/25/1971,0.82
7/2/1971,0.80
7/9/1971,0.81
7/16/1971,0.86
7/23/1971,0.94
7/30/1971,1.05
8/6/1971,1.18
8/13/1971,1.33
8/20/1971,1.47
8/27/1971,1.59
9/3/1971,1.70
9/10/1971,1.76
9/17/1971,1.79
9/24/1971,1.78
10/1/1971,1.75
10/8/1971,1.69
10/15/1971,1.62
10/22/1971,1.55
10/29/1971,1.48
11/5/1971,1.41
11/12/1971,1.36
11/19/1971,1.32
11/26/1971,1.28
12/3/1971,1.25
12/10/1971,1.21
12/17/1971,1.16
12/24/1971,1.10
12/31/1971,1.04
1/7/1972,0.96
1/14/1972,0.87
1/21/1972,0.78
1/28/1972,0.69
2/4/1972,0.60
2/11/1972,0.52
2/18/1972,0.45
2/25/1972,0.38
3/3/1972,0.32
3/10/1972,0.27
3/17/1972,0.23
3/24/1972,0.19
3/31/1972,0.16
4/7/1972,0.12
4/14/1972,0.09
4/21/1972,0.06
4/28/1972,0.03
5/5/1972,0.00
5/12/1972,-0.02
5/19/1972,-0.04
5/26/1972,-0.04
6/2/1972,-0.04
6/9/1972,-0.03
6/16/1972,-0.01
6/23/1972,0.02
6/30/1972,0.04
7/7/1972,0.06
7/14/1972,0.08
7/21/1972,0.08
7/28/1972,0.07
8/4/1972,0.05
8/11/1972,0.02
8/18/1972,-0.03
8/25/1972,-0.08
9/1/1972,-0.13
9/8/1972,-0.19
9/15/1972,-0.24
9/22/1972,-0.28
9/29/1972,-0.31
10/6/1972,-0.34
10/13/1972,-0.36
10/20/1972,-0.37
10/27/1972,-0.38
11/3/1972,-0.39
11/10/1972,-0.40
11/17/1972,-0.41
11/24/1972,-0.41
12/1/1972,-0.40
12/8/1972,-0.39
12/15/1972,-0.36
12/22/1972,-0.32
12/29/1972,-0.26
1/5/1973,-0.19
1/12/1973,-0.09
1/19/1973,0.02
1/26/1973,0.14
2/2/1973,0.27
2/9/1973,0.40
2/16/1973,0.53
2/23/1973,0.65
3/2/1973,0.76
3/9/1973,0.84
3/16/1973,0.91
3/23/1973,0.96
3/30/1973,0.99
4/6/1973,1.00
4/13/1973,1.01
4/20/1973,1.01
4/27/1973,1.00
5/4/1973,0.99
5/11/1973,0.99
5/18/1973,0.98
5/25/1973,0.98
6/1/1973,0.98
6/8/1973,1.00
6/15/1973,1.02
6/22/1973,1.07
6/29/1973,1.13
7/6/1973,1.20
7/13/1973,1.29
7/20/1973,1.38
7/27/1973,1.49
8/3/1973,1.60
8/10/1973,1.71
8/17/1973,1.81
8/24/1973,1.91
8/31/1973,2.00
9/7/1973,2.07
9/14/1973,2.12
9/21/1973,2.16
9/28/1973,2.18
10/5/1973,2.19
10/12/1973,2.18
10/19/1973,2.16
10/26/1973,2.13
11/2/1973,2.10
11/9/1973,2.07
11/16/1973,2.03
11/23/1973,1.99
11/30/1973,1.93
12/7/1973,1.86
12/14/1973,1.78
12/21/1973,1.67
12/28/1973,1.54
1/4/1974,1.40
1/11/1974,1.24
1/18/1974,1.09
1/25/1974,0.94
2/1/1974,0.80
2/8/1974,0.69
2/15/1974,0.60
2/22/1974,0.56
3/1/1974,0.55
3/8/1974,0.58
3/15/1974,0.65
3/22/1974,0.77
3/29/1974,0.93
4/5/1974,1.12
4/12/1974,1.34
4/19/1974,1.60
4/26/1974,1.88
5/3/1974,2.17
5/10/1974,2.47
5/17/1974,2.79
5/24/1974,3.10
5/31/1974,3.40
6/7/1974,3.68
6/14/1974,3.94
6/21/1974,4.18
6/28/1974,4.37
7/5/1974,4.52
7/12/1974,4.63
7/19/1974,4.69
7/26/1974,4.70
8/2/1974,4.68
8/9/1974,4.63
8/16/1974,4.54
8/23/1974,4.44
8/30/1974,4.33
9/6/1974,4.20
9/13/1974,4.06
9/20/1974,3.91
9/27/1974,3.75
10/4/1974,3.59
10/11/1974,3.41
10/18/1974,3.23
10/25/1974,3.06
11/1/1974,2.89
11/8/1974,2.74
11/15/1974,2.60
11/22/1974,2.47
11/29/1974,2.36
12/6/1974,2.26
12/13/1974,2.16
12/20/1974,2.05
12/27/1974,1.94
1/3/1975,1.81
1/10/1975,1.68
1/17/1975,1.54
1/24/1975,1.39
1/31/1975,1.24
2/7/1975,1.09
2/14/1975,0.94
2/21/1975,0.80
2/28/1975,0.67
3/7/1975,0.54
3/14/1975,0.43
3/21/1975,0.31
3/28/1975,0.21
4/4/1975,0.11
4/11/1975,0.01
4/18/1975,-0.08
4/25/1975,-0.17
5/2/1975,-0.25
5/9/1975,-0.33
5/16/1975,-0.40
5/23/1975,-0.46
5/30/1975,-0.51
6/6/1975,-0.56
6/13/1975,-0.60
6/20/1975,-0.62
6/27/1975,-0.64
7/4/1975,-0.66
7/11/1975,-0.66
7/18/1975,-0.66
7/25/1975,-0.65
8/1/1975,-0.63
8/8/1975,-0.61
8/15/1975,-0.59
8/22/1975,-0.55
8/29/1975,-0.52
9/5/1975,-0.48
9/12/1975,-0.44
9/19/1975,-0.39
9/26/1975,-0.35
10/3/1975,-0.32
10/10/1975,-0.29
10/17/1975,-0.26
10/24/1975,-0.25
10/31/1975,-0.24
11/7/1975,-0.25
11/14/1975,-0.27
11/21/1975,-0.30
11/28/1975,-0.33
12/5/1975,-0.38
12/12/1975,-0.44
12/19/1975,-0.50
12/26/1975,-0.56
1/2/1976,-0.63
1/9/1976,-0.69
1/16/1976,-0.75
1/23/1976,-0.81
1/30/1976,-0.85
2/6/1976,-0.89
2/13/1976,-0.93
2/20/1976,-0.95
2/27/1976,-0.97
3/5/1976,-0.98
3/12/1976,-0.99
3/19/1976,-0.99
3/26/1976,-0.98
4/2/1976,-0.97
4/9/1976,-0.95
4/16/1976,-0.93
4/23/1976,-0.91
4/30/1976,-0.88
5/7/1976,-0.85
5/14/1976,-0.82
5/21/1976,-0.80
5/28/1976,-0.78
6/4/1976,-0.77
6/11/1976,-0.77
6/18/1976,-0.77
6/25/1976,-0.78
7/2/1976,-0.79
7/9/1976,-0.81
7/16/1976,-0.83
7/23/1976,-0.85
7/30/1976,-0.87
8/6/1976,-0.88
8/13/1976,-0.89
8/20/1976,-0.90
8/27/1976,-0.91
9/3/1976,-0.92
9/10/1976,-0.92
9/17/1976,-0.92
9/24/1976,-0.92
10/1/1976,-0.91
10/8/1976,-0.91
10/15/1976,-0.90
10/22/1976,-0.89
10/29/1976,-0.88
11/5/1976,-0.86
11/12/1976,-0.85
11/19/1976,-0.84
11/26/1976,-0.83
12/3/1976,-0.82
12/10/1976,-0.82
12/17/1976,-0.82
12/24/1976,-0.83
12/31/1976,-0.84
1/7/1977,-0.86
1/14/1977,-0.87
1/21/1977,-0.89
1/28/1977,-0.90
2/4/1977,-0.91
2/11/1977,-0.92
2/18/1977,-0.92
2/25/1977,-0.92
3/4/1977,-0.91
3/11/1977,-0.90
3/18/1977,-0.88
3/25/1977,-0.86
4/1/1977,-0.84
4/8/1977,-0.81
4/15/1977,-0.78
4/22/1977,-0.74
4/29/1977,-0.71
5/6/1977,-0.67
5/13/1977,-0.64
5/20/1977,-0.61
5/27/1977,-0.58
6/3/1977,-0.56
6/10/1977,-0.54
6/17/1977,-0.52
6/24/1977,-0.51
7/1/1977,-0.50
7/8/1977,-0.49
7/15/1977,-0.48
7/22/1977,-0.47
7/29/1977,-0.45
8/5/1977,-0.44
8/12/1977,-0.42
8/19/1977,-0.40
8/26/1977,-0.38
9/2/1977,-0.36
9/9/1977,-0.33
9/16/1977,-0.31
9/23/1977,-0.28
9/30/1977,-0.26
10/7/1977,-0.23
10/14/1977,-0.21
10/21/1977,-0.19
10/28/1977,-0.17
11/4/1977,-0.15
11/11/1977,-0.13
11/18/1977,-0.12
11/25/1977,-0.11
12/2/1977,-0.11
12/9/1977,-0.11
12/16/1977,-0.10
12/23/1977,-0.10
12/30/1977,-0.10
1/6/1978,-0.10
1/13/1978,-0.10
1/20/1978,-0.09
1/27/1978,-0.09
2/3/1978,-0.08
2/10/1978,-0.06
2/17/1978,-0.04
2/24/1978,-0.02
3/3/1978,0.00
3/10/1978,0.03
3/17/1978,0.07
3/24/1978,0.11
3/31/1978,0.15
4/7/1978,0.19
4/14/1978,0.24
4/21/1978,0.28
4/28/1978,0.33
5/5/1978,0.37
5/12/1978,0.41
5/19/1978,0.45
5/26/1978,0.48
6/2/1978,0.50
6/9/1978,0.52
6/16/1978,0.54
6/23/1978,0.55
6/30/1978,0.55
7/7/1978,0.56
7/14/1978,0.56
7/21/1978,0.56
7/28/1978,0.56
8/4/1978,0.56
8/11/1978,0.57
8/18/1978,0.59
8/25/1978,0.62
9/1/1978,0.66
9/8/1978,0.72
9/15/1978,0.80
9/22/1978,0.90
9/29/1978,1.01
10/6/1978,1.13
10/13/1978,1.26
10/20/1978,1.39
10/27/1978,1.52
11/3/1978,1.63
11/10/1978,1.72
11/17/1978,1.79
11/24/1978,1.84
12/1/1978,1.86
12/8/1978,1.85
12/15/1978,1.83
12/22/1978,1.77
12/29/1978,1.71
1/5/1979,1.62
1/12/1979,1.53
1/19/1979,1.42
1/26/1979,1.31
2/2/1979,1.20
2/9/1979,1.09
2/16/1979,0.98
2/23/1979,0.88
3/2/1979,0.79
3/9/1979,0.72
3/16/1979,0.65
3/23/1979,0.60
3/30/1979,0.56
4/6/1979,0.54
4/13/1979,0.53
4/20/1979,0.53
4/27/1979,0.54
5/4/1979,0.57
5/11/1979,0.60
5/18/1979,0.64
5/25/1979,0.68
6/1/1979,0.74
6/8/1979,0.80
6/15/1979,0.86
6/22/1979,0.93
6/29/1979,1.01
7/6/1979,1.09
7/13/1979,1.17
7/20/1979,1.25
7/27/1979,1.34
8/3/1979,1.43
8/10/1979,1.52
8/17/1979,1.62
8/24/1979,1.72
8/31/1979,1.82
9/7/1979,1.92
9/14/1979,2.03
9/21/1979,2.13
9/28/1979,2.22
10/5/1979,2.30
10/12/1979,2.37
10/19/1979,2.42
10/26/1979,2.45
11/2/1979,2.47
11/9/1979,2.46
11/16/1979,2.44
11/23/1979,2.40
11/30/1979,2.35
12/7/1979,2.29
12/14/1979,2.23
12/21/1979,2.18
12/28/1979,2.14
1/4/1980,2.11
1/11/1980,2.10
1/18/1980,2.12
1/25/1980,2.16
2/1/1980,2.24
2/8/1980,2.35
2/15/1980,2.49
2/22/1980,2.66
2/29/1980,2.85
3/7/1980,3.05
3/14/1980,3.24
3/21/1980,3.42
3/28/1980,3.56
4/4/1980,3.67
4/11/1980,3.72
4/18/1980,3.71
4/25/1980,3.64
5/2/1980,3.52
5/9/1980,3.35
5/16/1980,3.13
5/23/1980,2.89
5/30/1980,2.62
6/6/1980,2.35
6/13/1980,2.07
6/20/1980,1.80
6/27/1980,1.55
7/4/1980,1.33
7/11/1980,1.13
7/18/1980,0.98
7/25/1980,0.87
8/1/1980,0.80
8/8/1980,0.77
8/15/1980,0.77
8/22/1980,0.80
8/29/1980,0.86
9/5/1980,0.94
9/12/1980,1.03
9/19/1980,1.14
9/26/1980,1.26
10/3/1980,1.39
10/10/1980,1.54
10/17/1980,1.70
10/24/1980,1.87
10/31/1980,2.05
11/7/1980,2.24
11/14/1980,2.43
11/21/1980,2.61
11/28/1980,2.77
12/5/1980,2.91
12/12/1980,3.02
12/19/1980,3.08
12/26/1980,3.10
1/2/1981,3.08
1/9/1981,3.02
1/16/1981,2.92
1/23/1981,2.80
1/30/1981,2.66
2/6/1981,2.50
2/13/1981,2.35
2/20/1981,2.21
2/27/1981,2.08
3/6/1981,1.97
3/13/1981,1.89
3/20/1981,1.83
3/27/1981,1.81
4/3/1981,1.82
4/10/1981,1.85
4/17/1981,1.92
4/24/1981,2.01
5/1/1981,2.12
5/8/1981,2.25
5/15/1981,2.39
5/22/1981,2.53
5/29/1981,2.68
6/5/1981,2.82
6/12/1981,2.96
6/19/1981,3.08
6/26/1981,3.19
7/3/1981,3.28
7/10/1981,3.34
7/17/1981,3.38
7/24/1981,3.40
7/31/1981,3.40
8/7/1981,3.37
8/14/1981,3.33
8/21/1981,3.28
8/28/1981,3.22
9/4/1981,3.15
9/11/1981,3.08
9/18/1981,3.02
9/25/1981,2.95
10/2/1981,2.89
10/9/1981,2.82
10/16/1981,2.76
10/23/1981,2.70
10/30/1981,2.63
11/6/1981,2.56
11/13/1981,2.48
11/20/1981,2.40
11/27/1981,2.32
12/4/1981,2.24
12/11/1981,2.17
12/18/1981,2.10
12/25/1981,2.05
1/1/1982,2.00
1/8/1982,1.96
1/15/1982,1.94
1/22/1982,1.93
1/29/1982,1.93
2/5/1982,1.94
2/12/1982,1.96
2/19/1982,1.99
2/26/1982,2.01
3/5/1982,2.04
3/12/1982,2.06
3/19/1982,2.08
3/26/1982,2.10
4/2/1982,2.12
4/9/1982,2.14
4/16/1982,2.16
4/23/1982,2.20
4/30/1982,2.24
5/7/1982,2.28
5/14/1982,2.34
5/21/1982,2.41
5/28/1982,2.49
6/4/1982,2.56
6/11/1982,2.63
6/18/1982,2.69
6/25/1982,2.74
7/2/1982,2.78
7/9/1982,2.80
7/16/1982,2.82
7/23/1982,2.85
7/30/1982,2.87
8/6/1982,2.90
8/13/1982,2.95
8/20/1982,2.99
8/27/1982,3.03
9/3/1982,3.05
9/10/1982,3.05
9/17/1982,3.02
9/24/1982,2.94
10/1/1982,2.81
10/8/1982,2.64
10/15/1982,2.44
10/22/1982,2.21
10/29/1982,1.97
11/5/1982,1.73
11/12/1982,1.51
11/19/1982,1.30
11/26/1982,1.12
12/3/1982,0.96
12/10/1982,0.82
12/17/1982,0.70
12/24/1982,0.59
12/31/1982,0.49
1/7/1983,0.40
1/14/1983,0.32
1/21/1983,0.25
1/28/1983,0.19
2/4/1983,0.13
2/11/1983,0.09
2/18/1983,0.05
2/25/1983,0.03
3/4/1983,0.01
3/11/1983,0.00
3/18/1983,-0.01
3/25/1983,-0.02
4/1/1983,-0.04
4/8/1983,-0.05
4/15/1983,-0.07
4/22/1983,-0.09
4/29/1983,-0.12
5/6/1983,-0.14
5/13/1983,-0.16
5/20/1983,-0.18
5/27/1983,-0.19
6/3/1983,-0.20
6/10/1983,-0.20
6/17/1983,-0.19
6/24/1983,-0.18
7/1/1983,-0.17
7/8/1983,-0.15
7/15/1983,-0.14
7/22/1983,-0.12
7/29/1983,-0.11
8/5/1983,-0.10
8/12/1983,-0.09
8/19/1983,-0.09
8/26/1983,-0.09
9/2/1983,-0.08
9/9/1983,-0.08
9/16/1983,-0.07
9/23/1983,-0.06
9/30/1983,-0.05
10/7/1983,-0.03
10/14/1983,-0.01
10/21/1983,0.01
10/28/1983,0.03
11/4/1983,0.05
11/11/1983,0.06
11/18/1983,0.07
11/25/1983,0.07
12/2/1983,0.07
12/9/1983,0.05
12/16/1983,0.04
12/23/1983,0.01
12/30/1983,-0.02
1/6/1984,-0.05
1/13/1984,-0.08
1/20/1984,-0.12
1/27/1984,-0.15
2/3/1984,-0.18
2/10/1984,-0.20
2/17/1984,-0.21
2/24/1984,-0.22
3/2/1984,-0.21
3/9/1984,-0.19
3/16/1984,-0.16
3/23/1984,-0.11
3/30/1984,-0.05
4/6/1984,0.02
4/13/1984,0.11
4/20/1984,0.21
4/27/1984,0.31
5/4/1984,0.42
5/11/1984,0.54
5/18/1984,0.64
5/25/1984,0.74
6/1/1984,0.83
6/8/1984,0.91
6/15/1984,0.97
6/22/1984,1.01
6/29/1984,1.03
7/6/1984,1.03
7/13/1984,1.01
7/20/1984,0.98
7/27/1984,0.92
8/3/1984,0.86
8/10/1984,0.80
8/17/1984,0.73
8/24/1984,0.66
8/31/1984,0.59
9/7/1984,0.52
9/14/1984,0.46
9/21/1984,0.40
9/28/1984,0.33
10/5/1984,0.27
10/12/1984,0.21
10/19/1984,0.15
10/26/1984,0.10
11/2/1984,0.04
11/9/1984,-0.01
11/16/1984,-0.06
11/23/1984,-0.11
11/30/1984,-0.16
12/7/1984,-0.21
12/14/1984,-0.26
12/21/1984,-0.30
12/28/1984,-0.35
1/4/1985,-0.40
1/11/1985,-0.44
1/18/1985,-0.47
1/25/1985,-0.49
2/1/1985,-0.51
2/8/1985,-0.51
2/15/1985,-0.51
2/22/1985,-0.50
3/1/1985,-0.48
3/8/1985,-0.47
3/15/1985,-0.45
3/22/1985,-0.44
3/29/1985,-0.42
4/5/1985,-0.42
4/12/1985,-0.41
4/19/1985,-0.42
4/26/1985,-0.42
5/3/1985,-0.43
5/10/1985,-0.45
5/17/1985,-0.46
5/24/1985,-0.47
5/31/1985,-0.48
6/7/1985,-0.49
6/14/1985,-0.49
6/21/1985,-0.49
6/28/1985,-0.48
7/5/1985,-0.47
7/12/1985,-0.46
7/19/1985,-0.43
7/26/1985,-0.41
8/2/1985,-0.38
8/9/1985,-0.35
8/16/1985,-0.33
8/23/1985,-0.30
8/30/1985,-0.28
9/6/1985,-0.27
9/13/1985,-0.26
9/20/1985,-0.26
9/27/1985,-0.27
10/4/1985,-0.28
10/11/1985,-0.29
10/18/1985,-0.30
10/25/1985,-0.32
11/1/1985,-0.33
11/8/1985,-0.33
11/15/1985,-0.34
11/22/1985,-0.33
11/29/1985,-0.33
12/6/1985,-0.33
12/13/1985,-0.32
12/20/1985,-0.32
12/27/1985,-0.32
1/3/1986,-0.31
1/10/1986,-0.31
1/17/1986,-0.31
1/24/1986,-0.30
1/31/1986,-0.30
2/7/1986,-0.29
2/14/1986,-0.28
2/21/1986,-0.27
2/28/1986,-0.26
3/7/1986,-0.25
3/14/1986,-0.24
3/21/1986,-0.24
3/28/1986,-0.24
4/4/1986,-0.25
4/11/1986,-0.26
4/18/1986,-0.28
4/25/1986,-0.29
5/2/1986,-0.30
5/9/1986,-0.31
5/16/1986,-0.30
5/23/1986,-0.29
5/30/1986,-0.27
6/6/1986,-0.24
6/13/1986,-0.20
6/20/1986,-0.17
6/27/1986,-0.14
7/4/1986,-0.11
7/11/1986,-0.09
7/18/1986,-0.09
7/25/1986,-0.09
8/1/1986,-0.10
8/8/1986,-0.11
8/15/1986,-0.12
8/22/1986,-0.14
8/29/1986,-0.15
9/5/1986,-0.16
9/12/1986,-0.17
9/19/1986,-0.17
9/26/1986,-0.18
10/3/1986,-0.19
10/10/1986,-0.20
10/17/1986,-0.22
10/24/1986,-0.24
10/31/1986,-0.26
11/7/1986,-0.28
11/14/1986,-0.30
11/21/1986,-0.31
11/28/1986,-0.32
12/5/1986,-0.33
12/12/1986,-0.33
12/19/1986,-0.33
12/26/1986,-0.34
1/2/1987,-0.34
1/9/1987,-0.35
1/16/1987,-0.36
1/23/1987,-0.37
1/30/1987,-0.39
2/6/1987,-0.40
2/13/1987,-0.42
2/20/1987,-0.43
2/27/1987,-0.43
3/6/1987,-0.42
3/13/1987,-0.41
3/20/1987,-0.38
3/27/1987,-0.34
4/3/1987,-0.29
4/10/1987,-0.24
4/17/1987,-0.18
4/24/1987,-0.12
5/1/1987,-0.07
5/8/1987,-0.02
5/15/1987,0.01
5/22/1987,0.03
5/29/1987,0.03
6/5/1987,0.03
6/12/1987,0.01
6/19/1987,-0.02
6/26/1987,-0.06
7/3/1987,-0.10
7/10/1987,-0.15
7/17/1987,-0.19
7/24/1987,-0.24
7/31/1987,-0.28
8/7/1987,-0.31
8/14/1987,-0.34
8/21/1987,-0.34
8/28/1987,-0.33
9/4/1987,-0.30
9/11/1987,-0.24
9/18/1987,-0.17
9/25/1987,-0.09
10/2/1987,0.00
10/9/1987,0.10
10/16/1987,0.18
10/23/1987,0.26
10/30/1987,0.32
11/6/1987,0.36
11/13/1987,0.39
11/20/1987,0.40
11/27/1987,0.39
12/4/1987,0.38
12/11/1987,0.35
12/18/1987,0.32
12/25/1987,0.28
1/1/1988,0.23
1/8/1988,0.18
1/15/1988,0.13
1/22/1988,0.09
1/29/1988,0.04
2/5/1988,-0.01
2/12/1988,-0.04
2/19/1988,-0.08
2/26/1988,-0.10
3/4/1988,-0.12
3/11/1988,-0.12
3/18/1988,-0.12
3/25/1988,-0.11
4/1/1988,-0.10
4/8/1988,-0.09
4/15/1988,-0.07
4/22/1988,-0.06
4/29/1988,-0.06
5/6/1988,-0.06
5/13/1988,-0.07
5/20/1988,-0.08
5/27/1988,-0.08
6/3/1988,-0.09
6/10/1988,-0.09
6/17/1988,-0.08
6/24/1988,-0.07
7/1/1988,-0.05
7/8/1988,-0.03
7/15/1988,-0.01
7/22/1988,0.01
7/29/1988,0.02
8/5/1988,0.03
8/12/1988,0.03
8/19/1988,0.02
8/26/1988,0.00
9/2/1988,-0.01
9/9/1988,-0.03
9/16/1988,-0.06
9/23/1988,-0.08
9/30/1988,-0.09
10/7/1988,-0.11
10/14/1988,-0.12
10/21/1988,-0.14
10/28/1988,-0.15
11/4/1988,-0.16
11/11/1988,-0.17
11/18/1988,-0.17
11/25/1988,-0.18
12/2/1988,-0.18
12/9/1988,-0.18
12/16/1988,-0.17
12/23/1988,-0.17
12/30/1988,-0.17
1/6/1989,-0.16
1/13/1989,-0.15
1/20/1989,-0.14
1/27/1989,-0.13
2/3/1989,-0.11
2/10/1989,-0.09
2/17/1989,-0.06
2/24/1989,-0.02
3/3/1989,0.02
3/10/1989,0.05
3/17/1989,0.09
3/24/1989,0.12
3/31/1989,0.14
4/7/1989,0.15
4/14/1989,0.16
4/21/1989,0.15
4/28/1989,0.13
5/5/1989,0.11
5/12/1989,0.09
5/19/1989,0.06
5/26/1989,0.04
6/2/1989,0.03
6/9/1989,0.02
6/16/1989,0.01
6/23/1989,0.00
6/30/1989,0.00
7/7/1989,-0.01
7/14/1989,-0.02
7/21/1989,-0.03
7/28/1989,-0.04
8/4/1989,-0.04
8/11/1989,-0.04
8/18/1989,-0.04
8/25/1989,-0.02
9/1/1989,0.00
9/8/1989,0.02
9/15/1989,0.04
9/22/1989,0.06
9/29/1989,0.07
10/6/1989,0.08
10/13/1989,0.08
10/20/1989,0.06
10/27/1989,0.04
11/3/1989,0.01
11/10/1989,-0.02
11/17/1989,-0.05
11/24/1989,-0.07
12/1/1989,-0.09
12/8/1989,-0.11
12/15/1989,-0.11
12/22/1989,-0.11
12/29/1989,-0.10
1/5/1990,-0.10
1/12/1990,-0.09
1/19/1990,-0.08
1/26/1990,-0.07
2/2/1990,-0.08
2/9/1990,-0.08
2/16/1990,-0.09
2/23/1990,-0.09
3/2/1990,-0.10
3/9/1990,-0.11
3/16/1990,-0.11
3/23/1990,-0.11
3/30/1990,-0.11
4/6/1990,-0.11
4/13/1990,-0.11
4/20/1990,-0.11
4/27/1990,-0.12
5/4/1990,-0.14
5/11/1990,-0.16
5/18/1990,-0.18
5/25/1990,-0.21
6/1/1990,-0.23
6/8/1990,-0.24
6/15/1990,-0.25
6/22/1990,-0.25
6/29/1990,-0.24
7/6/1990,-0.23
7/13/1990,-0.20
7/20/1990,-0.19
7/27/1990,-0.16
8/3/1990,-0.14
8/10/1990,-0.11
8/17/1990,-0.07
8/24/1990,-0.03
8/31/1990,0.01
9/7/1990,0.06
9/14/1990,0.11
9/21/1990,0.16
9/28/1990,0.21
10/5/1990,0.25
10/12/1990,0.28
10/19/1990,0.28
10/26/1990,0.28
11/2/1990,0.27
11/9/1990,0.26
11/16/1990,0.24
11/23/1990,0.24
11/30/1990,0.25
12/7/1990,0.27
12/14/1990,0.29
12/21/1990,0.33
12/28/1990,0.36
1/4/1991,0.37
1/11/1991,0.38
1/18/1991,0.36
1/25/1991,0.31
2/1/1991,0.25
2/8/1991,0.19
2/15/1991,0.11
2/22/1991,0.04
3/1/1991,-0.02
3/8/1991,-0.07
3/15/1991,-0.12
3/22/1991,-0.15
3/29/1991,-0.18
4/5/1991,-0.20
4/12/1991,-0.21
4/19/1991,-0.24
4/26/1991,-0.25
5/3/1991,-0.27
5/10/1991,-0.29
5/17/1991,-0.30
5/24/1991,-0.31
5/31/1991,-0.31
6/7/1991,-0.32
6/14/1991,-0.32
6/21/1991,-0.33
6/28/1991,-0.34
7/5/1991,-0.36
7/12/1991,-0.38
7/19/1991,-0.41
7/26/1991,-0.44
8/2/1991,-0.47
8/9/1991,-0.49
8/16/1991,-0.51
8/23/1991,-0.52
8/30/1991,-0.52
9/6/1991,-0.52
9/13/1991,-0.51
9/20/1991,-0.50
9/27/1991,-0.50
10/4/1991,-0.49
10/11/1991,-0.49
10/18/1991,-0.50
10/25/1991,-0.51
11/1/1991,-0.52
11/8/1991,-0.53
11/15/1991,-0.53
11/22/1991,-0.53
11/29/1991,-0.53
12/6/1991,-0.53
12/13/1991,-0.52
12/20/1991,-0.51
12/27/1991,-0.51
1/3/1992,-0.50
1/10/1992,-0.50
1/17/1992,-0.51
1/24/1992,-0.52
1/31/1992,-0.54
2/7/1992,-0.55
2/14/1992,-0.57
2/21/1992,-0.58
2/28/1992,-0.59
3/6/1992,-0.60
3/13/1992,-0.60
3/20/1992,-0.61
3/27/1992,-0.61
4/3/1992,-0.62
4/10/1992,-0.62
4/17/1992,-0.64
4/24/1992,-0.66
5/1/1992,-0.69
5/8/1992,-0.71
5/15/1992,-0.73
5/22/1992,-0.75
5/29/1992,-0.76
6/5/1992,-0.77
6/12/1992,-0.77
6/19/1992,-0.76
6/26/1992,-0.75
7/3/1992,-0.75
7/10/1992,-0.73
7/17/1992,-0.73
7/24/1992,-0.73
7/31/1992,-0.72
8/7/1992,-0.72
8/14/1992,-0.71
8/21/1992,-0.70
8/28/1992,-0.68
9/4/1992,-0.66
9/11/1992,-0.64
9/18/1992,-0.61
9/25/1992,-0.58
10/2/1992,-0.56
10/9/1992,-0.54
10/16/1992,-0.52
10/23/1992,-0.52
10/30/1992,-0.53
11/6/1992,-0.54
11/13/1992,-0.57
11/20/1992,-0.59
11/27/1992,-0.62
12/4/1992,-0.65
12/11/1992,-0.68
12/18/1992,-0.70
12/25/1992,-0.72
1/1/1993,-0.74
1/8/1993,-0.74
1/15/1993,-0.75
1/22/1993,-0.76
1/29/1993,-0.76
2/5/1993,-0.76
2/12/1993,-0.76
2/19/1993,-0.76
2/26/1993,-0.76
3/5/1993,-0.75
3/12/1993,-0.75
3/19/1993,-0.75
3/26/1993,-0.75
4/2/1993,-0.75
4/9/1993,-0.76
4/16/1993,-0.76
4/23/1993,-0.77
4/30/1993,-0.77
5/7/1993,-0.78
5/14/1993,-0.79
5/21/1993,-0.79
5/28/1993,-0.80
6/4/1993,-0.82
6/11/1993,-0.83
6/18/1993,-0.85
6/25/1993,-0.86
7/2/1993,-0.88
7/9/1993,-0.89
7/16/1993,-0.91
7/23/1993,-0.91
7/30/1993,-0.92
8/6/1993,-0.92
8/13/1993,-0.91
8/20/1993,-0.91
8/27/1993,-0.90
9/3/1993,-0.89
9/10/1993,-0.88
9/17/1993,-0.87
9/24/1993,-0.86
10/1/1993,-0.85
10/8/1993,-0.84
10/15/1993,-0.83
10/22/1993,-0.82
10/29/1993,-0.81
11/5/1993,-0.81
11/12/1993,-0.80
11/19/1993,-0.80
11/26/1993,-0.81
12/3/1993,-0.81
12/10/1993,-0.83
12/17/1993,-0.84
12/24/1993,-0.86
12/31/1993,-0.87
1/7/1994,-0.88
1/14/1994,-0.89
1/21/1994,-0.89
1/28/1994,-0.88
2/4/1994,-0.87
2/11/1994,-0.85
2/18/1994,-0.83
2/25/1994,-0.80
3/4/1994,-0.78
3/11/1994,-0.75
3/18/1994,-0.73
3/25/1994,-0.72
4/1/1994,-0.71
4/8/1994,-0.70
4/15/1994,-0.70
4/22/1994,-0.69
4/29/1994,-0.69
5/6/1994,-0.69
5/13/1994,-0.69
5/20/1994,-0.69
5/27/1994,-0.69
6/3/1994,-0.68
6/10/1994,-0.68
6/17/1994,-0.68
6/24/1994,-0.68
7/1/1994,-0.69
7/8/1994,-0.70
7/15/1994,-0.71
7/22/1994,-0.72
7/29/1994,-0.74
8/5/1994,-0.75
8/12/1994,-0.75
8/19/1994,-0.75
8/26/1994,-0.75
9/2/1994,-0.74
9/9/1994,-0.73
9/16/1994,-0.72
9/23/1994,-0.71
9/30/1994,-0.69
10/7/1994,-0.68
10/14/1994,-0.67
10/21/1994,-0.65
10/28/1994,-0.64
11/4/1994,-0.62
11/11/1994,-0.60
11/18/1994,-0.58
11/25/1994,-0.55
12/2/1994,-0.53
12/9/1994,-0.51
12/16/1994,-0.50
12/23/1994,-0.50
12/30/1994,-0.51
1/6/1995,-0.52
1/13/1995,-0.54
1/20/1995,-0.56
1/27/1995,-0.58
2/3/1995,-0.60
2/10/1995,-0.62
2/17/1995,-0.62
2/24/1995,-0.63
3/3/1995,-0.63
3/10/1995,-0.63
3/17/1995,-0.63
3/24/1995,-0.64
3/31/1995,-0.65
4/7/1995,-0.65
4/14/1995,-0.67
4/21/1995,-0.68
4/28/1995,-0.69
5/5/1995,-0.70
5/12/1995,-0.70
5/19/1995,-0.70
5/26/1995,-0.69
6/2/1995,-0.68
6/9/1995,-0.66
6/16/1995,-0.65
6/23/1995,-0.64
6/30/1995,-0.63
7/7/1995,-0.62
7/14/1995,-0.63
7/21/1995,-0.63
7/28/1995,-0.64
8/4/1995,-0.65
8/11/1995,-0.66
8/18/1995,-0.66
8/25/1995,-0.67
9/1/1995,-0.66
9/8/1995,-0.66
9/15/1995,-0.65
9/22/1995,-0.65
9/29/1995,-0.64
10/6/1995,-0.65
10/13/1995,-0.65
10/20/1995,-0.67
10/27/1995,-0.68
11/3/1995,-0.70
11/10/1995,-0.71
11/17/1995,-0.72
11/24/1995,-0.73
12/1/1995,-0.72
12/8/1995,-0.72
12/15/1995,-0.70
12/22/1995,-0.69
12/29/1995,-0.68
1/5/1996,-0.68
1/12/1996,-0.67
1/19/1996,-0.68
1/26/1996,-0.69
2/2/1996,-0.70
2/9/1996,-0.71
2/16/1996,-0.71
2/23/1996,-0.71
3/1/1996,-0.70
3/8/1996,-0.68
3/15/1996,-0.66
3/22/1996,-0.64
3/29/1996,-0.63
4/5/1996,-0.62
4/12/1996,-0.61
4/19/1996,-0.61
4/26/1996,-0.62
5/3/1996,-0.63
5/10/1996,-0.65
5/17/1996,-0.66
5/24/1996,-0.67
5/31/1996,-0.68
6/7/1996,-0.68
6/14/1996,-0.68
6/21/1996,-0.67
6/28/1996,-0.67
7/5/1996,-0.66
7/12/1996,-0.66
7/19/1996,-0.66
7/26/1996,-0.66
8/2/1996,-0.67
8/9/1996,-0.68
8/16/1996,-0.69
8/23/1996,-0.69
8/30/1996,-0.69
9/6/1996,-0.69
9/13/1996,-0.69
9/20/1996,-0.69
9/27/1996,-0.69
10/4/1996,-0.69
10/11/1996,-0.70
10/18/1996,-0.71
10/25/1996,-0.72
11/1/1996,-0.72
11/8/1996,-0.73
11/15/1996,-0.72
11/22/1996,-0.71
11/29/1996,-0.70
12/6/1996,-0.68
12/13/1996,-0.66
12/20/1996,-0.65
12/27/1996,-0.63
1/3/1997,-0.62
1/10/1997,-0.62
1/17/1997,-0.63
1/24/1997,-0.64
1/31/1997,-0.65
2/7/1997,-0.66
2/14/1997,-0.67
2/21/1997,-0.68
2/28/1997,-0.69
3/7/1997,-0.69
3/14/1997,-0.69
3/21/1997,-0.68
3/28/1997,-0.68
4/4/1997,-0.67
4/11/1997,-0.66
4/18/1997,-0.66
4/25/1997,-0.65
5/2/1997,-0.65
5/9/1997,-0.65
5/16/1997,-0.65
5/23/1997,-0.65
5/30/1997,-0.66
6/6/1997,-0.66
6/13/1997,-0.67
6/20/1997,-0.67
6/27/1997,-0.68
7/4/1997,-0.68
7/11/1997,-0.68
7/18/1997,-0.68
7/25/1997,-0.68
8/1/1997,-0.67
8/8/1997,-0.67
8/15/1997,-0.66
8/22/1997,-0.65
8/29/1997,-0.65
9/5/1997,-0.64
9/12/1997,-0.64
9/19/1997,-0.64
9/26/1997,-0.63
10/3/1997,-0.62
10/10/1997,-0.61
10/17/1997,-0.59
10/24/1997,-0.56
10/31/1997,-0.54
11/7/1997,-0.52
11/14/1997,-0.51
11/21/1997,-0.50
11/28/1997,-0.50
12/5/1997,-0.51
12/12/1997,-0.51
12/19/1997,-0.52
12/26/1997,-0.54
1/2/1998,-0.55
1/9/1998,-0.56
1/16/1998,-0.57
1/23/1998,-0.59
1/30/1998,-0.60
2/6/1998,-0.61
2/13/1998,-0.62
2/20/1998,-0.63
2/27/1998,-0.64
3/6/1998,-0.65
3/13/1998,-0.65
3/20/1998,-0.66
3/27/1998,-0.66
4/3/1998,-0.65
4/10/1998,-0.65
4/17/1998,-0.65
4/24/1998,-0.64
5/1/1998,-0.64
5/8/1998,-0.63
5/15/1998,-0.62
5/22/1998,-0.62
5/29/1998,-0.61
6/5/1998,-0.61
6/12/1998,-0.60
6/19/1998,-0.60
6/26/1998,-0.60
7/3/1998,-0.61
7/10/1998,-0.61
7/17/1998,-0.61
7/24/1998,-0.60
7/31/1998,-0.59
8/7/1998,-0.56
8/14/1998,-0.52
8/21/1998,-0.47
8/28/1998,-0.41
9/4/1998,-0.34
9/11/1998,-0.28
9/18/1998,-0.21
9/25/1998,-0.15
10/2/1998,-0.10
10/9/1998,-0.06
10/16/1998,-0.04
10/23/1998,-0.05
10/30/1998,-0.06
11/6/1998,-0.09
11/13/1998,-0.12
11/20/1998,-0.16
11/27/1998,-0.19
12/4/1998,-0.21
12/11/1998,-0.22
12/18/1998,-0.23
12/25/1998,-0.24
1/1/1999,-0.24
1/8/1999,-0.25
1/15/1999,-0.26
1/22/1999,-0.28
1/29/1999,-0.30
2/5/1999,-0.32
2/12/1999,-0.34
2/19/1999,-0.37
2/26/1999,-0.39
3/5/1999,-0.40
3/12/1999,-0.42
3/19/1999,-0.43
3/26/1999,-0.43
4/2/1999,-0.44
4/9/1999,-0.44
4/16/1999,-0.44
4/23/1999,-0.45
4/30/1999,-0.45
5/7/1999,-0.45
5/14/1999,-0.45
5/21/1999,-0.44
5/28/1999,-0.44
6/4/1999,-0.43
6/11/1999,-0.42
6/18/1999,-0.40
6/25/1999,-0.39
7/2/1999,-0.37
7/9/1999,-0.35
7/16/1999,-0.33
7/23/1999,-0.31
7/30/1999,-0.29
8/6/1999,-0.27
8/13/1999,-0.25
8/20/1999,-0.24
8/27/1999,-0.23
9/3/1999,-0.22
9/10/1999,-0.22
9/17/1999,-0.21
9/24/1999,-0.21
10/1/1999,-0.21
10/8/1999,-0.21
10/15/1999,-0.22
10/22/1999,-0.23
10/29/1999,-0.25
11/5/1999,-0.26
11/12/1999,-0.28
11/19/1999,-0.30
11/26/1999,-0.30
12/3/1999,-0.31
12/10/1999,-0.31
12/17/1999,-0.31
12/24/1999,-0.31
12/31/1999,-0.31
1/7/2000,-0.31
1/14/2000,-0.32
1/21/2000,-0.33
1/28/2000,-0.34
2/4/2000,-0.34
2/11/2000,-0.34
2/18/2000,-0.33
2/25/2000,-0.32
3/3/2000,-0.30
3/10/2000,-0.27
3/17/2000,-0.25
3/24/2000,-0.22
3/31/2000,-0.20
4/7/2000,-0.18
4/14/2000,-0.17
4/21/2000,-0.17
4/28/2000,-0.18
5/5/2000,-0.18
5/12/2000,-0.18
5/19/2000,-0.19
5/26/2000,-0.19
6/2/2000,-0.19
6/9/2000,-0.18
6/16/2000,-0.18
6/23/2000,-0.18
6/30/2000,-0.18
7/7/2000,-0.20
7/14/2000,-0.21
7/21/2000,-0.24
7/28/2000,-0.26
8/4/2000,-0.29
8/11/2000,-0.31
8/18/2000,-0.32
8/25/2000,-0.33
9/1/2000,-0.32
9/8/2000,-0.31
9/15/2000,-0.30
9/22/2000,-0.29
9/29/2000,-0.27
10/6/2000,-0.26
10/13/2000,-0.25
10/20/2000,-0.26
10/27/2000,-0.26
11/3/2000,-0.27
11/10/2000,-0.27
11/17/2000,-0.26
11/24/2000,-0.24
12/1/2000,-0.22
12/8/2000,-0.19
12/15/2000,-0.17
12/22/2000,-0.15
12/29/2000,-0.14
1/5/2001,-0.15
1/12/2001,-0.16
1/19/2001,-0.20
1/26/2001,-0.23
2/2/2001,-0.27
2/9/2001,-0.30
2/16/2001,-0.31
2/23/2001,-0.31
3/2/2001,-0.30
3/9/2001,-0.29
3/16/2001,-0.26
3/23/2001,-0.24
3/30/2001,-0.23
4/6/2001,-0.23
4/13/2001,-0.24
4/20/2001,-0.27
4/27/2001,-0.31
5/4/2001,-0.35
5/11/2001,-0.38
5/18/2001,-0.41
5/25/2001,-0.43
6/1/2001,-0.44
6/8/2001,-0.44
6/15/2001,-0.43
6/22/2001,-0.42
6/29/2001,-0.41
7/6/2001,-0.41
7/13/2001,-0.41
7/20/2001,-0.43
7/27/2001,-0.45
8/3/2001,-0.46
8/10/2001,-0.46
8/17/2001,-0.45
8/24/2001,-0.42
8/31/2001,-0.39
9/7/2001,-0.34
9/14/2001,-0.29
9/21/2001,-0.25
9/28/2001,-0.22
10/5/2001,-0.21
10/12/2001,-0.20
10/19/2001,-0.23
10/26/2001,-0.25
11/2/2001,-0.28
11/9/2001,-0.30
11/16/2001,-0.31
11/23/2001,-0.31
11/30/2001,-0.31
12/7/2001,-0.30
12/14/2001,-0.28
12/21/2001,-0.28
12/28/2001,-0.27
1/4/2002,-0.28
1/11/2002,-0.29
1/18/2002,-0.32
1/25/2002,-0.34
2/1/2002,-0.37
2/8/2002,-0.39
2/15/2002,-0.40
2/22/2002,-0.41
3/1/2002,-0.42
3/8/2002,-0.42
3/15/2002,-0.42
3/22/2002,-0.42
3/29/2002,-0.43
4/5/2002,-0.45
4/12/2002,-0.46
4/19/2002,-0.49
4/26/2002,-0.52
5/3/2002,-0.54
5/10/2002,-0.56
5/17/2002,-0.57
5/24/2002,-0.57
5/31/2002,-0.56
6/7/2002,-0.54
6/14/2002,-0.51
6/21/2002,-0.47
6/28/2002,-0.43
7/5/2002,-0.39
7/12/2002,-0.36
7/19/2002,-0.33
7/26/2002,-0.31
8/2/2002,-0.30
8/9/2002,-0.30
8/16/2002,-0.30
8/23/2002,-0.29
8/30/2002,-0.29
9/6/2002,-0.27
9/13/2002,-0.26
9/20/2002,-0.25
9/27/2002,-0.23
10/4/2002,-0.23
10/11/2002,-0.22
10/18/2002,-0.23
10/25/2002,-0.25
11/1/2002,-0.27
11/8/2002,-0.29
11/15/2002,-0.32
11/22/2002,-0.34
11/29/2002,-0.35
12/6/2002,-0.35
12/13/2002,-0.35
12/20/2002,-0.35
12/27/2002,-0.35
1/3/2003,-0.35
1/10/2003,-0.35
1/17/2003,-0.36
1/24/2003,-0.36
1/31/2003,-0.37
2/7/2003,-0.38
2/14/2003,-0.38
2/21/2003,-0.39
2/28/2003,-0.40
3/7/2003,-0.40
3/14/2003,-0.41
3/21/2003,-0.43
3/28/2003,-0.45
4/4/2003,-0.48
4/11/2003,-0.51
4/18/2003,-0.54
4/25/2003,-0.57
5/2/2003,-0.59
5/9/2003,-0.61
5/16/2003,-0.62
5/23/2003,-0.62
5/30/2003,-0.62
6/6/2003,-0.61
6/13/2003,-0.61
6/20/2003,-0.60
6/27/2003,-0.60
7/4/2003,-0.60
7/11/2003,-0.60
7/18/2003,-0.60
7/25/2003,-0.59
8/1/2003,-0.59
8/8/2003,-0.58
8/15/2003,-0.58
8/22/2003,-0.57
8/29/2003,-0.57
9/5/2003,-0.57
9/12/2003,-0.57
9/19/2003,-0.58
9/26/2003,-0.58
10/3/2003,-0.59
10/10/2003,-0.60
10/17/2003,-0.61
10/24/2003,-0.62
10/31/2003,-0.63
11/7/2003,-0.63
11/14/2003,-0.64
11/21/2003,-0.64
11/28/2003,-0.65
12/5/2003,-0.65
12/12/2003,-0.66
12/19/2003,-0.66
12/26/2003,-0.67
1/2/2004,-0.68
1/9/2004,-0.69
1/16/2004,-0.70
1/23/2004,-0.71
1/30/2004,-0.72
2/6/2004,-0.73
2/13/2004,-0.74
2/20/2004,-0.74
2/27/2004,-0.74
3/5/2004,-0.74
3/12/2004,-0.75
3/19/2004,-0.75
3/26/2004,-0.74
4/2/2004,-0.74
4/9/2004,-0.74
4/16/2004,-0.73
4/23/2004,-0.72
4/30/2004,-0.71
5/7/2004,-0.70
5/14/2004,-0.69
5/21/2004,-0.69
5/28/2004,-0.69
6/4/2004,-0.69
6/11/2004,-0.69
6/18/2004,-0.69
6/25/2004,-0.70
7/2/2004,-0.70
7/9/2004,-0.69
7/16/2004,-0.69
7/23/2004,-0.69
7/30/2004,-0.68
8/6/2004,-0.67
8/13/2004,-0.67
8/20/2004,-0.67
8/27/2004,-0.67
9/3/2004,-0.67
9/10/2004,-0.67
9/17/2004,-0.68
9/24/2004,-0.68
10/1/2004,-0.69
10/8/2004,-0.69
10/15/2004,-0.70
10/22/2004,-0.69
10/29/2004,-0.70
11/5/2004,-0.70
11/12/2004,-0.70
11/19/2004,-0.71
11/26/2004,-0.71
12/3/2004,-0.72
12/10/2004,-0.72
12/17/2004,-0.73
12/24/2004,-0.72
12/31/2004,-0.72
1/7/2005,-0.71
1/14/2005,-0.71
1/21/2005,-0.70
1/28/2005,-0.70
2/4/2005,-0.70
2/11/2005,-0.70
2/18/2005,-0.70
2/25/2005,-0.70
3/4/2005,-0.70
3/11/2005,-0.70
3/18/2005,-0.70
3/25/2005,-0.70
4/1/2005,-0.69
4/8/2005,-0.68
4/15/2005,-0.67
4/22/2005,-0.64
4/29/2005,-0.63
5/6/2005,-0.61
5/13/2005,-0.60
5/20/2005,-0.59
5/27/2005,-0.59
6/3/2005,-0.60
6/10/2005,-0.60
6/17/2005,-0.61
6/24/2005,-0.62
7/1/2005,-0.63
7/8/2005,-0.63
7/15/2005,-0.64
7/22/2005,-0.64
7/29/2005,-0.65
8/5/2005,-0.64
8/12/2005,-0.64
8/19/2005,-0.63
8/26/2005,-0.63
9/2/2005,-0.62
9/9/2005,-0.61
9/16/2005,-0.61
9/23/2005,-0.60
9/30/2005,-0.60
10/7/2005,-0.61
10/14/2005,-0.61
10/21/2005,-0.61
10/28/2005,-0.62
11/4/2005,-0.62
11/11/2005,-0.63
11/18/2005,-0.63
11/25/2005,-0.63
12/2/2005,-0.63
12/9/2005,-0.63
12/16/2005,-0.63
12/23/2005,-0.63
12/30/2005,-0.63
1/6/2006,-0.63
1/13/2006,-0.63
1/20/2006,-0.63
1/27/2006,-0.64
2/3/2006,-0.64
2/10/2006,-0.65
2/17/2006,-0.65
2/24/2006,-0.66
3/3/2006,-0.66
3/10/2006,-0.67
3/17/2006,-0.68
3/24/2006,-0.68
3/31/2006,-0.69
4/7/2006,-0.70
4/14/2006,-0.71
4/21/2006,-0.70
4/28/2006,-0.70
5/5/2006,-0.70
5/12/2006,-0.69
5/19/2006,-0.68
5/26/2006,-0.66
6/2/2006,-0.65
6/9/2006,-0.64
6/16/2006,-0.63
6/23/2006,-0.63
6/30/2006,-0.62
7/7/2006,-0.63
7/14/2006,-0.63
7/21/2006,-0.64
7/28/2006,-0.65
8/4/2006,-0.65
8/11/2006,-0.66
8/18/2006,-0.66
8/25/2006,-0.67
9/1/2006,-0.66
9/8/2006,-0.66
9/15/2006,-0.66
9/22/2006,-0.66
9/29/2006,-0.66
10/6/2006,-0.66
10/13/2006,-0.67
10/20/2006,-0.68
10/27/2006,-0.69
11/3/2006,-0.70
11/10/2006,-0.70
11/17/2006,-0.70
11/24/2006,-0.70
12/1/2006,-0.69
12/8/2006,-0.68
12/15/2006,-0.68
12/22/2006,-0.67
12/29/2006,-0.68
1/5/2007,-0.69
1/12/2007,-0.70
1/19/2007,-0.71
1/26/2007,-0.73
2/2/2007,-0.74
2/9/2007,-0.74
2/16/2007,-0.74
2/23/2007,-0.73
3/2/2007,-0.72
3/9/2007,-0.70
3/16/2007,-0.68
3/23/2007,-0.67
3/30/2007,-0.66
4/6/2007,-0.66
4/13/2007,-0.66
4/20/2007,-0.67
4/27/2007,-0.67
5/4/2007,-0.67
5/11/2007,-0.67
5/18/2007,-0.67
5/25/2007,-0.67
6/1/2007,-0.67
6/8/2007,-0.66
6/15/2007,-0.65
6/22/2007,-0.64
6/29/2007,-0.62
7/6/2007,-0.58
7/13/2007,-0.53
7/20/2007,-0.47
7/27/2007,-0.39
8/3/2007,-0.30
8/10/2007,-0.21
8/17/2007,-0.12
8/24/2007,-0.05
8/31/2007,0.00
9/7/2007,0.02
9/14/2007,0.01
9/21/2007,-0.03
9/28/2007,-0.07
10/5/2007,-0.11
10/12/2007,-0.14
10/19/2007,-0.16
10/26/2007,-0.14
11/2/2007,-0.10
11/9/2007,-0.03
11/16/2007,0.05
11/23/2007,0.14
11/30/2007,0.21
12/7/2007,0.28
12/14/2007,0.31
12/21/2007,0.33
12/28/2007,0.33
1/4/2008,0.31
1/11/2008,0.30
1/18/2008,0.28
1/25/2008,0.29
2/1/2008,0.31
2/8/2008,0.36
2/15/2008,0.42
2/22/2008,0.49
2/29/2008,0.57
3/7/2008,0.65
3/14/2008,0.71
3/21/2008,0.75
3/28/2008,0.74
4/4/2008,0.71
4/11/2008,0.66
4/18/2008,0.58
4/25/2008,0.50
5/2/2008,0.42
5/9/2008,0.36
5/16/2008,0.32
5/23/2008,0.31
5/30/2008,0.32
6/6/2008,0.36
6/13/2008,0.41
6/20/2008,0.47
6/27/2008,0.51
7/4/2008,0.55
7/11/2008,0.57
7/18/2008,0.55
7/25/2008,0.52
8/1/2008,0.49
8/8/2008,0.47
8/15/2008,0.47
8/22/2008,0.52
8/29/2008,0.62
9/5/2008,0.77
9/12/2008,0.97
9/19/2008,1.22
9/26/2008,1.47
10/3/2008,1.71
10/10/2008,1.93
10/17/2008,2.10
10/24/2008,2.23
10/31/2008,2.33
11/7/2008,2.40
11/14/2008,2.45
11/21/2008,2.51
11/28/2008,2.52
12/5/2008,2.51
12/12/2008,2.46
12/19/2008,2.39
12/26/2008,2.27
1/2/2009,2.17
1/9/2009,2.05
1/16/2009,1.94
1/23/2009,1.87
1/30/2009,1.82
2/6/2009,1.80
2/13/2009,1.80
2/20/2009,1.81
2/27/2009,1.83
3/6/2009,1.83
3/13/2009,1.80
3/20/2009,1.75
3/27/2009,1.67
4/3/2009,1.57
4/10/2009,1.46
4/17/2009,1.35
4/24/2009,1.24
5/1/2009,1.14
5/8/2009,1.05
5/15/2009,0.99
5/22/2009,0.93
5/29/2009,0.90
6/5/2009,0.87
6/12/2009,0.84
6/19/2009,0.82
6/26/2009,0.78
7/3/2009,0.73
7/10/2009,0.67
7/17/2009,0.61
7/24/2009,0.54
7/31/2009,0.47
8/7/2009,0.42
8/14/2009,0.37
8/21/2009,0.33
8/28/2009,0.31
9/4/2009,0.28
9/11/2009,0.26
9/18/2009,0.25
9/25/2009,0.23
10/2/2009,0.21
10/9/2009,0.20
10/16/2009,0.18
10/23/2009,0.17
10/30/2009,0.16
11/6/2009,0.14
11/13/2009,0.13
11/20/2009,0.12
11/27/2009,0.11
12/4/2009,0.09
12/11/2009,0.07
12/18/2009,0.04
12/25/2009,0.01
1/1/2010,-0.01
1/8/2010,-0.04
1/15/2010,-0.06
1/22/2010,-0.07
1/29/2010,-0.07
2/5/2010,-0.08
2/12/2010,-0.09
2/19/2010,-0.10
2/26/2010,-0.13
3/5/2010,-0.16
3/12/2010,-0.20
3/19/2010,-0.24
3/26/2010,-0.28
4/2/2010,-0.31
4/9/2010,-0.32
4/16/2010,-0.31
4/23/2010,-0.27
4/30/2010,-0.22
5/7/2010,-0.15
5/14/2010,-0.09
5/21/2010,-0.02
5/28/2010,0.03
6/4/2010,0.06
6/11/2010,0.06
6/18/2010,0.05
6/25/2010,0.02
7/2/2010,-0.02
7/9/2010,-0.05
7/16/2010,-0.09
7/23/2010,-0.11
7/30/2010,-0.12
8/6/2010,-0.13
8/13/2010,-0.12
8/20/2010,-0.11
8/27/2010,-0.11
9/3/2010,-0.11
9/10/2010,-0.12
9/17/2010,-0.14
9/24/2010,-0.16
10/1/2010,-0.19
10/8/2010,-0.21
10/15/2010,-0.24
10/22/2010,-0.24
10/29/2010,-0.25
11/5/2010,-0.25
11/12/2010,-0.24
11/19/2010,-0.24
11/26/2010,-0.23
12/3/2010,-0.24
12/10/2010,-0.25
12/17/2010,-0.26
12/24/2010,-0.28
12/31/2010,-0.31
1/7/2011,-0.33
1/14/2011,-0.35
1/21/2011,-0.36
1/28/2011,-0.36
2/4/2011,-0.36
2/11/2011,-0.36
2/18/2011,-0.35
2/25/2011,-0.33
3/4/2011,-0.33
3/11/2011,-0.33
3/18/2011,-0.33
3/25/2011,-0.35
4/1/2011,-0.37
4/8/2011,-0.38
4/15/2011,-0.40
4/22/2011,-0.40
4/29/2011,-0.40
5/6/2011,-0.39
5/13/2011,-0.37
5/20/2011,-0.35
5/27/2011,-0.33
6/3/2011,-0.32
6/10/2011,-0.32
6/17/2011,-0.32
6/24/2011,-0.32
7/1/2011,-0.33
7/8/2011,-0.32
7/15/2011,-0.30
7/22/2011,-0.25
7/29/2011,-0.20
8/5/2011,-0.13
8/12/2011,-0.05
8/19/2011,0.02
8/26/2011,0.08
9/2/2011,0.12
9/9/2011,0.15
9/16/2011,0.15
9/23/2011,0.15
9/30/2011,0.13
10/7/2011,0.12
10/14/2011,0.08
10/21/2011,0.08
10/28/2011,0.07
11/4/2011,0.08
11/11/2011,0.09
11/18/2011,0.11
11/25/2011,0.12
12/2/2011,0.11
12/9/2011,0.10
12/16/2011,0.07
12/23/2011,0.04
12/30/2011,-0.01
1/6/2012,-0.06
1/13/2012,-0.11
1/20/2012,-0.14
1/27/2012,-0.18
2/3/2012,-0.20
2/10/2012,-0.22
2/17/2012,-0.23
2/24/2012,-0.24
3/2/2012,-0.25
3/9/2012,-0.27
3/16/2012,-0.29
3/23/2012,-0.31
3/30/2012,-0.32
4/6/2012,-0.33
4/13/2012,-0.33
4/20/2012,-0.32
4/27/2012,-0.30
5/4/2012,-0.27
5/11/2012,-0.24
5/18/2012,-0.21
5/25/2012,-0.19
6/1/2012,-0.17
6/8/2012,-0.16
6/15/2012,-0.17
6/22/2012,-0.19
6/29/2012,-0.22
7/6/2012,-0.24
7/13/2012,-0.27
7/20/2012,-0.28
7/27/2012,-0.30
8/3/2012,-0.31
8/10/2012,-0.32
8/17/2012,-0.33
8/24/2012,-0.34
8/31/2012,-0.35
9/7/2012,-0.37
9/14/2012,-0.40
9/21/2012,-0.42
9/28/2012,-0.44
10/5/2012,-0.45
10/12/2012,-0.47
10/19/2012,-0.47
10/26/2012,-0.47
11/2/2012,-0.47
11/9/2012,-0.47
11/16/2012,-0.47
11/23/2012,-0.47
11/30/2012,-0.47
12/7/2012,-0.48
12/14/2012,-0.50
12/21/2012,-0.51
12/28/2012,-0.52
1/4/2013,-0.54
1/11/2013,-0.55
1/18/2013,-0.56
1/25/2013,-0.56
2/1/2013,-0.56
2/8/2013,-0.56
2/15/2013,-0.56
2/22/2013,-0.55
3/1/2013,-0.56
3/8/2013,-0.56
3/15/2013,-0.57
3/22/2013,-0.58
3/29/2013,-0.59
4/5/2013,-0.61
4/12/2013,-0.62
4/19/2013,-0.63
4/26/2013,-0.63
5/3/2013,-0.63
5/10/2013,-0.63
5/17/2013,-0.62
5/24/2013,-0.61
5/31/2013,-0.60
6/7/2013,-0.59
6/14/2013,-0.58
6/21/2013,-0.57
6/28/2013,-0.57
7/5/2013,-0.57
7/12/2013,-0.58
7/19/2013,-0.59
7/26/2013,-0.60
8/2/2013,-0.60
8/9/2013,-0.60
8/16/2013,-0.59
8/23/2013,-0.59
8/30/2013,-0.59
9/6/2013,-0.59
9/13/2013,-0.59
9/20/2013,-0.60
9/27/2013,-0.62
10/4/2013,-0.63
10/11/2013,-0.65
10/18/2013,-0.67
10/25/2013,-0.69
11/1/2013,-0.70
11/8/2013,-0.72
11/15/2013,-0.73
11/22/2013,-0.73
11/29/2013,-0.74
12/6/2013,-0.74
12/13/2013,-0.74
12/20/2013,-0.75
12/27/2013,-0.75
1/3/2014,-0.75
1/10/2014,-0.75
1/17/2014,-0.75
1/24/2014,-0.75
1/31/2014,-0.75
2/7/2014,-0.75
2/14/2014,-0.76
2/21/2014,-0.76
2/28/2014,-0.77
3/7/2014,-0.78
3/14/2014,-0.78
3/21/2014,-0.78
3/28/2014,-0.78
4/4/2014,-0.78
4/11/2014,-0.78
4/18/2014,-0.78
4/25/2014,-0.78
5/2/2014,-0.78
5/9/2014,-0.78
5/16/2014,-0.78
5/23/2014,-0.79
5/30/2014,-0.80
6/6/2014,-0.80
6/13/2014,-0.81
6/20/2014,-0.81
6/27/2014,-0.81
7/4/2014,-0.81
7/11/2014,-0.81
7/18/2014,-0.80
7/25/2014,-0.79
8/1/2014,-0.79
8/8/2014,-0.78
8/15/2014,-0.78
8/22/2014,-0.77
8/29/2014,-0.77
9/5/2014,-0.76
9/12/2014,-0.76
9/19/2014,-0.75
9/26/2014,-0.74
10/3/2014,-0.73
10/10/2014,-0.73
10/17/2014,-0.72
10/24/2014,-0.72
10/31/2014,-0.73
11/7/2014,-0.73
11/14/2014,-0.73
11/21/2014,-0.73
11/28/2014,-0.73
12/5/2014,-0.72
12/12/2014,-0.70
12/19/2014,-0.68
12/26/2014,-0.66
1/2/2015,-0.64
1/9/2015,-0.62
1/16/2015,-0.60
1/23/2015,-0.59
1/30/2015,-0.59
2/6/2015,-0.59
2/13/2015,-0.60
2/20/2015,-0.61
2/27/2015,-0.63
3/6/2015,-0.65
3/13/2015,-0.66
3/20/2015,-0.68
3/27/2015,-0.69
4/3/2015,-0.70
4/10/2015,-0.70
4/17/2015,-0.70
4/24/2015,-0.71
5/1/2015,-0.70
5/8/2015,-0.70
5/15/2015,-0.69
5/22/2015,-0.69
5/29/2015,-0.69
6/5/2015,-0.69
6/12/2015,-0.70
6/19/2015,-0.70
6/26/2015,-0.71
7/3/2015,-0.70
7/10/2015,-0.70
7/17/2015,-0.70
7/24/2015,-0.69
7/31/2015,-0.67
8/7/2015,-0.65
8/14/2015,-0.63
8/21/2015,-0.60
8/28/2015,-0.58
9/4/2015,-0.57
9/11/2015,-0.56
9/18/2015,-0.56
9/25/2015,-0.57
10/2/2015,-0.58
10/9/2015,-0.59
10/16/2015,-0.61
10/23/2015,-0.62
10/30/2015,-0.63
11/6/2015,-0.63
11/13/2015,-0.63
11/20/2015,-0.62
11/27/2015,-0.61
12/4/2015,-0.59
12/11/2015,-0.57
12/18/2015,-0.55
12/25/2015,-0.53
1/1/2016,-0.51
1/8/2016,-0.50
1/15/2016,-0.48
1/22/2016,-0.47
1/29/2016,-0.47
2/5/2016,-0.47
2/12/2016,-0.47
2/19/2016,-0.48
2/26/2016,-0.50
3/4/2016,-0.51
3/11/2016,-0.53
3/18/2016,-0.54
3/25/2016,-0.55
4/1/2016,-0.56
4/8/2016,-0.57
4/15/2016,-0.57
4/22/2016,-0.57
4/29/2016,-0.57
5/6/2016,-0.57
5/13/2016,-0.57
5/20/2016,-0.57
5/27/2016,-0.57
6/3/2016,-0.56
6/10/2016,-0.55
6/17/2016,-0.54
6/24/2016,-0.53
7/1/2016,-0.53
7/8/2016,-0.53
7/15/2016,-0.54
7/22/2016,-0.55
7/29/2016,-0.57
8/5/2016,-0.58
8/12/2016,-0.59
8/19/2016,-0.59
8/26/2016,-0.59
9/2/2016,-0.58
9/9/2016,-0.57
9/16/2016,-0.55
9/23/2016,-0.55
9/30/2016,-0.54
10/7/2016,-0.54
10/14/2016,-0.55
10/21/2016,-0.56
10/28/2016,-0.58
11/4/2016,-0.60
11/11/2016,-0.62
11/18/2016,-0.63
11/25/2016,-0.65
12/2/2016,-0.66
12/9/2016,-0.66
12/16/2016,-0.67
12/23/2016,-0.67
12/30/2016,-0.67
1/6/2017,-0.68
1/13/2017,-0.68
1/20/2017,-0.69
1/27/2017,-0.70
2/3/2017,-0.71
2/10/2017,-0.71
2/17/2017,-0.71
2/24/2017,-0.71
3/3/2017,-0.71
3/10/2017,-0.70
3/17/2017,-0.70
3/24/2017,-0.69
3/31/2017,-0.69
4/7/2017,-0.69
4/14/2017,-0.69
4/21/2017,-0.70
4/28/2017,-0.71
5/5/2017,-0.72
5/12/2017,-0.73
5/19/2017,-0.73
5/26/2017,-0.75
6/2/2017,-0.76
6/9/2017,-0.76
6/16/2017,-0.77
6/23/2017,-0.78
6/30/2017,-0.78
7/7/2017,-0.79
7/14/2017,-0.79
7/21/2017,-0.80
7/28/2017,-0.80
8/4/2017,-0.80
8/11/2017,-0.79
8/18/2017,-0.79
8/25/2017,-0.79
9/1/2017,-0.78
9/8/2017,-0.78
9/15/2017,-0.78
9/22/2017,-0.79
9/29/2017,-0.80
10/6/2017,-0.81
10/13/2017,-0.81
10/20/2017,-0.83
10/27/2017,-0.84
11/3/2017,-0.84
11/10/2017,-0.85
11/17/2017,-0.85
11/24/2017,-0.85
12/1/2017,-0.84
12/8/2017,-0.84
12/15/2017,-0.84
12/22/2017,-0.84
12/29/2017,-0.83
1/5/2018,-0.83
1/12/2018,-0.83
1/19/2018,-0.83
1/26/2018,-0.82
2/2/2018,-0.81
2/9/2018,-0.80
2/16/2018,-0.79
2/23/2018,-0.78
3/2/2018,-0.76
3/9/2018,-0.75
3/16/2018,-0.74
3/23/2018,-0.74
3/30/2018,-0.73
4/6/2018,-0.73
4/13/2018,-0.74
4/20/2018,-0.75
4/27/2018,-0.76
5/4/2018,-0.77
5/11/2018,-0.78
5/18/2018,-0.79
5/25/2018,-0.79
6/1/2018,-0.78
6/8/2018,-0.78
6/15/2018,-0.77
6/22/2018,-0.77
6/29/2018,-0.77
7/6/2018,-0.77
7/13/2018,-0.77
7/20/2018,-0.78
7/27/2018,-0.79
8/3/2018,-0.80
8/10/2018,-0.81
8/17/2018,-0.82
8/24/2018,-0.83
8/31/2018,-0.83
9/7/2018,-0.84
9/14/2018,-0.84
9/21/2018,-0.84
9/28/2018,-0.83
10/5/2018,-0.83
10/12/2018,-0.82
10/19/2018,-0.82
10/26/2018,-0.81
11/2/2018,-0.80
11/9/2018,-0.79
11/16/2018,-0.78
11/23/2018,-0.76
11/30/2018,-0.75
12/7/2018,-0.73
12/14/2018,-0.71
12/21/2018,-0.70
12/28/2018,-0.70
1/4/2019,-0.70
1/11/2019,-0.71
1/18/2019,-0.73
1/25/2019,-0.75
2/1/2019,-0.77
2/8/2019,-0.79
2/15/2019,-0.81
2/22/2019,-0.83
3/1/2019,-0.84
3/8/2019,-0.84
3/15/2019,-0.85
3/22/2019,-0.85
3/29/2019,-0.86
4/5/2019,-0.86
4/12/2019,-0.87
4/19/2019,-0.88
